-- phpMyAdmin SQL Dump
-- version 3.2.2.1
-- http://www.phpmyadmin.net
--
-- Host: localhost
-- Erstellungszeit: 13. Januar 2010 um 12:33
-- Server Version: 5.1.38
-- PHP-Version: 5.3.0

SET SQL_MODE="NO_AUTO_VALUE_ON_ZERO";


/*!40101 SET @OLD_CHARACTER_SET_CLIENT=@@CHARACTER_SET_CLIENT */;
/*!40101 SET @OLD_CHARACTER_SET_RESULTS=@@CHARACTER_SET_RESULTS */;
/*!40101 SET @OLD_COLLATION_CONNECTION=@@COLLATION_CONNECTION */;
/*!40101 SET NAMES utf8 */;

--
-- Datenbank: `joel`
--

-- --------------------------------------------------------

--
-- Tabellenstruktur für Tabelle `j_clipboard`
--

CREATE TABLE IF NOT EXISTS `j_clipboard` (
  `cb_key` varchar(20) CHARACTER SET utf8 NOT NULL,
  `cb_content` varchar(250) CHARACTER SET utf8 NOT NULL,
  `cb_date` int(12) NOT NULL,
  KEY `key` (`cb_key`)
) ENGINE=MyISAM DEFAULT CHARSET=utf8 COLLATE=utf8_bin ROW_FORMAT=DYNAMIC COMMENT='universal clipboard to store key based data';

--
-- Daten für Tabelle `j_clipboard`
--

INSERT INTO `j_clipboard` (`cb_key`, `cb_content`, `cb_date`) VALUES
('b13990e7a5', 'bosselmann@gmail.com::1', 0);

-- --------------------------------------------------------

--
-- Tabellenstruktur für Tabelle `j_collections`
--

CREATE TABLE IF NOT EXISTS `j_collections` (
  `collection_id` int(10) NOT NULL AUTO_INCREMENT,
  `c_name` varchar(100) NOT NULL,
  `c_description` varchar(250) NOT NULL,
  `user_id` int(10) NOT NULL,
  PRIMARY KEY (`collection_id`),
  KEY `c_user_id` (`user_id`)
) ENGINE=MyISAM  DEFAULT CHARSET=utf8 AUTO_INCREMENT=12 ;

--
-- Daten für Tabelle `j_collections`
--

INSERT INTO `j_collections` (`collection_id`, `c_name`, `c_description`, `user_id`) VALUES
(2, 'Gusto', '', 1),
(3, 'Mission Media', 'Test Test Test ''\n\n""  äää ', 1),
(4, 'EyeQ Design', '', 1),
(5, 'Flobos Timesheets', '', 1),
(6, 'Sunderschule', '', 1),
(7, 'Moe4', '', 1),
(8, 'Lothar Wellenbrock', '', 1),
(9, 'AC2', '', 1),
(10, 'VKorus', '', 1),
(11, 'Diagnostik Nord', '', 1);

-- --------------------------------------------------------

--
-- Tabellenstruktur für Tabelle `j_plugin_invite`
--

CREATE TABLE IF NOT EXISTS `j_plugin_invite` (
  `user_id` int(11) NOT NULL,
  `invited_by` int(10) NOT NULL,
  PRIMARY KEY (`user_id`)
) ENGINE=MyISAM DEFAULT CHARSET=utf8 COLLATE=utf8_bin ROW_FORMAT=FIXED;

--
-- Daten für Tabelle `j_plugin_invite`
--


-- --------------------------------------------------------

--
-- Tabellenstruktur für Tabelle `j_plugin_shareprojects`
--

CREATE TABLE IF NOT EXISTS `j_plugin_shareprojects` (
  `user_id` int(11) NOT NULL,
  `projects` varchar(100) CHARACTER SET utf8 DEFAULT NULL,
  PRIMARY KEY (`user_id`)
) ENGINE=MyISAM DEFAULT CHARSET=utf8 COLLATE=utf8_bin ROW_FORMAT=DYNAMIC;

--
-- Daten für Tabelle `j_plugin_shareprojects`
--

INSERT INTO `j_plugin_shareprojects` (`user_id`, `projects`) VALUES
(1, ''),
(2, ',122,119');

-- --------------------------------------------------------

--
-- Tabellenstruktur für Tabelle `j_plugin_stopwatchguard`
--

CREATE TABLE IF NOT EXISTS `j_plugin_stopwatchguard` (
  `task_id` int(11) NOT NULL,
  PRIMARY KEY (`task_id`)
) ENGINE=MyISAM DEFAULT CHARSET=utf8 COLLATE=utf8_bin ROW_FORMAT=FIXED;

--
-- Daten für Tabelle `j_plugin_stopwatchguard`
--

INSERT INTO `j_plugin_stopwatchguard` (`task_id`) VALUES
(1252),
(1276),
(1287),
(1596),
(1640),
(1826),
(1864),
(1869),
(1889),
(1915),
(2295),
(2322),
(2325),
(2339),
(2344),
(2397),
(2406),
(2409),
(2420),
(2439);

-- --------------------------------------------------------

--
-- Tabellenstruktur für Tabelle `j_projects`
--

CREATE TABLE IF NOT EXISTS `j_projects` (
  `project_id` int(11) NOT NULL AUTO_INCREMENT,
  `p_name` varchar(128) NOT NULL,
  `p_description` varchar(255) NOT NULL,
  `user_id` smallint(5) unsigned NOT NULL DEFAULT '0',
  `collection_id` int(10) NOT NULL,
  KEY `project_id` (`project_id`)
) ENGINE=MyISAM  DEFAULT CHARSET=utf8 ROW_FORMAT=DYNAMIC COMMENT='The project table' AUTO_INCREMENT=189 ;

--
-- Daten für Tabelle `j_projects`
--

INSERT INTO `j_projects` (`project_id`, `p_name`, `p_description`, `user_id`, `collection_id`) VALUES
(46, 'Mikos KIS/CPIS', '', 1, 3),
(66, 'Joel', '', 1, 5),
(121, 'EyeQ Tranzqual Printorder', '', 1, 4),
(102, 'sunderschule', '', 1, 6),
(106, 'mission:media', '', 1, 3),
(131, 'EyeQ Tranzqual', '', 1, 4),
(107, 'moe4', '', 1, 7),
(141, 'EyeQ Timesheet Sept 5', '', 1, 4),
(118, 'EyeQ Charity Life', '', 1, 4),
(157, 'EyeQ printlink FTP', '', 1, 4),
(122, 'EyeQ Tekron', '', 1, 4),
(151, 'EyeQ Timesheet Oct3', '', 1, 4),
(124, 'Kornknecht', '', 1, 8),
(125, 'EyeQ CharityLife NeedsCalc', '', 1, 4),
(126, 'Banner Fireservice', '', 1, 2),
(127, 'EyeQ Winecenter', '', 1, 4),
(154, 'EyeQ Timesheet Oct4', '', 1, 4),
(135, 'EyeQ Timesheet Sept 2', '', 1, 4),
(136, 'EyeQ Timesheet Sept 3', '', 1, 4),
(138, 'EyeQ Allied Farmers Banner', '', 1, 4),
(139, 'EyeQ Timesheet Sept 4', '', 1, 4),
(140, 'Gusto :: Banner resize', '', 1, 2),
(144, 'EyeQ Dulux Printorder', '', 1, 4),
(145, 'EyeQ WoolExporters', '', 1, 4),
(146, 'EyeQ Timesheet Oct1', '', 1, 4),
(148, 'EyeQ Timesheet Oct2', '', 1, 4),
(149, 'EyeQ Allied Famers V2', '', 1, 4),
(150, 'M:M Marketing Club', '', 1, 3),
(152, 'M:M Okt 08', '', 1, 3),
(158, 'M:M 08 nov', '', 1, 3),
(155, 'EyeQ Stuff Oct.08', '', 1, 4),
(168, 'Buster V1 Changes', '', 1, 2),
(160, 'Buster Website', '', 1, 2),
(164, 'Page Flipper', '', 1, 4),
(165, 'Nova Energy', '', 1, 4),
(166, 'File Browser', '', 1, 4),
(167, 'M:M Dez 08', '', 1, 3),
(169, 'Jewellery Startpage', '', 1, 4),
(170, 'Hanne Anderson', '', 1, 4),
(172, 'Timesheet Jan 09', '', 1, 4),
(173, 'Liquido Update', '', 1, 3),
(174, 'VX Sports', '', 1, 4),
(175, 'Timesheet Feb 09', '', 1, 4),
(178, 'July/August 2009 - General Timesheet', '', 1, 4),
(179, 'Phase 2', '', 1, 10),
(180, 'Neverforget', '', 1, 5),
(181, 'MM:August 09', '', 1, 3),
(182, 'Nova Printorder', '', 1, 4),
(183, 'September 09', '', 1, 4),
(184, 'DN::September 09', '', 1, 11),
(185, 'Timesheet September 09', '', 1, 4),
(186, 'Sabrina Hyde', '', 1, 5),
(187, 'DN:October 09', '', 1, 11),
(188, 'M:M Buglist Liquido', '', 1, 3);

-- --------------------------------------------------------

--
-- Tabellenstruktur für Tabelle `j_tasks`
--

CREATE TABLE IF NOT EXISTS `j_tasks` (
  `task_id` int(11) unsigned NOT NULL AUTO_INCREMENT,
  `user_id` int(11) unsigned NOT NULL DEFAULT '0',
  `project_id` int(11) unsigned NOT NULL DEFAULT '0',
  `t_feature` varchar(100) NOT NULL,
  `t_description` varchar(255) NOT NULL,
  `t_origest` double DEFAULT '0',
  `t_currest` double DEFAULT '0',
  `t_elapsed` double DEFAULT '0',
  `t_prio` tinyint(4) DEFAULT '0',
  `t_rank` smallint(5) unsigned NOT NULL DEFAULT '0',
  KEY `task_id` (`task_id`)
) ENGINE=MyISAM  DEFAULT CHARSET=utf8 ROW_FORMAT=DYNAMIC COMMENT='Task list' AUTO_INCREMENT=2664 ;

--
-- Daten für Tabelle `j_tasks`
--

INSERT INTO `j_tasks` (`task_id`, `user_id`, `project_id`, `t_feature`, `t_description`, `t_origest`, `t_currest`, `t_elapsed`, `t_prio`, `t_rank`) VALUES
(1, 1, 66, '', 'Suchfunktion ;-)', 14400, 14400, 0, 0, 68),
(2, 1, 66, '', 'entfernen des timer buttons in block zeilen', 0, 60, 60, 0, 40),
(3, 1, 66, '', 'einfügen in das desciption feld ändert den styl der zeile nicht ', 0, 60, 60, 0, 39),
(4, 1, 66, '', 'einfügen mit entertaste, anschliessend fügt jss durch klicken auf die nächste zeile eine neue ein', 1800, 1320, 1320, 0, 38),
(5, 1, 66, '', 'die pfeiltasten funktionieren nicht', 0, 900, 900, 0, 36),
(6, 1, 66, '', 'wenn man einen task aktualisiert, wird die projekt summary nicht aktualisiert', 0, 60, 60, 0, 51),
(7, 1, 66, '', 'bei neu eingefuegten zeilen funktioniert das loeschen mit "shift" nicht', 0, 360, 360, 0, 32),
(8, 1, 66, '', 'das loeschen von mehreren selektierten zeilen funktioniert nicht, loescht nur die letzte zeile', 3600, 18300, 18300, 0, 26),
(9, 1, 46, '26.09.07', '', 0, 0, 0, 0, 69),
(10, 1, 46, '', 'IE Bug reset() verursacht das l??schen von hidden fields...   neu setzen bei myCars', 3600, 3600, 3600, 0, 65),
(11, 1, 46, '', 'diverse Improvments und Features (siehe Mantis)', 10800, 10800, 10800, 0, 70),
(12, 1, 46, '', 'Registerfunktion reparieren (Cleanup Matzes mess)', 3000, 3000, 3000, 0, 66),
(13, 1, 46, '', 'Passwort Mails splitten bei lost Email und lost passwort', 3000, 3000, 3000, 0, 67),
(14, 1, 46, '', 'KIS und CPIS  Passwort mails trennen - 1x username und 1x passwort', 1200, 3000, 3000, 0, 63),
(15, 1, 46, '', '1. Registrierung 3 Checkboxen im KIS auf  meine Daten', 3000, 3000, 3000, 0, 64),
(16, 1, 46, '', 'Mitarbeiter anlegen ins mikos schreiben', 0, 18000, 18000, 0, 57),
(17, 1, 46, '', 'Mitarbeiter aus mikos lesen, und dort hin aktualisieren', 0, 1200, 1200, 0, 56),
(18, 1, 46, '', 'Mitarbeiter password retrieve analog zum kis', 0, 3600, 3600, 0, 58),
(19, 1, 46, '', 'Rechtemanagement im cpis implementieren (Rechtelevel lokale db, vom admin festgelegt)', 0, 600, 600, 0, 59),
(20, 1, 46, '', 'KIS Webstatus: dieser muss dringend alle anderen navis ausblenden wenn kein vollwertiges mitglied ist.', 3000, 3000, 3000, 0, 61),
(21, 1, 46, '25.09.07', '', 0, 0, 0, 0, 55),
(22, 1, 46, '', 'Floatings im IE gehen nicht auf (IE Bug - setting of type submit not possible, did workaround in ajax.js)', 3600, 3600, 3600, 0, 62),
(23, 1, 46, '21.09.07', '', 0, 0, 0, 0, 47),
(24, 1, 46, '', 'reparieren der Benutzerdaten speichern', 600, 600, 600, 0, 48),
(25, 1, 46, '', 'Skype Konfi mit Ralf', 1800, 1800, 1800, 0, 49),
(26, 1, 46, '24.09.07', '', 0, 0, 0, 0, 51),
(27, 1, 46, '', 'div bugfixing und ralf helping per skype confi', 3600, 3600, 3600, 0, 52),
(28, 1, 46, '', 'Buttons gefixxt bei Mitarbeiter anmelden', 3000, 3000, 3000, 0, 44),
(29, 1, 46, '', 'Email Adresse wird jetzt nach Mikos geschrieben', 7200, 3600, 3600, 0, 43),
(30, 1, 46, '19.09.', '29.07.2008;7', 20400, 18000, 0, 0, 1),
(31, 1, 46, '20.09.', '', 0, 0, 0, 0, 40),
(32, 1, 46, '', 'skype konfi mit ralf und nebenbei bugfixing und fehlersuche', 3600, 3600, 3600, 0, 41),
(33, 1, 46, '', 'kis lost password auf mikos abfragen umgestellt und strings in config file ausgelagert', 3600, 3600, 3600, 0, 53),
(34, 1, 46, '', 'automatisches schliessen von Fenstern im Kis nach speichern', 1200, 1200, 1200, 0, 42),
(35, 1, 46, '', 'Emailverkehr', 1200, 1200, 1200, 0, 39),
(36, 1, 46, '', 'Login Fehler Research', 1200, 1200, 1200, 0, 38),
(37, 1, 46, '', 'MemberRequest Objekt speichern', 3600, 3000, 3000, 1, 37),
(38, 1, 46, '', 'Email bei Passwort zusenden checken', 600, 300, 300, 1, 25),
(39, 1, 46, '', 'Testprotokoll anfertigen', 7200, 7200, 7200, 1, 20),
(40, 1, 46, '', 'Ausblendfunktion für login - xclass ', 1200, 1200, 1200, 1, 19),
(41, 1, 46, '', 'Link Class Ändern beim Cpis meine Händler - da alle links mit der class "copy" das popup ??ffnen', 1200, 300, 300, 2, 17),
(42, 1, 46, '', '1. registrierung im KIS ', 3600, 1800, 1800, 2, 18),
(43, 1, 46, '', 'Umlautfehler auf Webseitensperrseite bei webstatus', 600, 600, 600, 3, 2),
(44, 1, 66, '', 'scroll to current counting row when clicking on timer', 0, 3600, 3600, 0, 91),
(45, 1, 66, '', 'when done == current > draw the row in light grey to see that this task is ready', 0, 60, 60, 0, 89),
(46, 1, 66, '', 'timer for counting elapsed time', 28800, 28800, 28800, 0, 90),
(47, 1, 66, '', 'beim einfuegen einer zeile und "enter" druecken fuegt er eine neue zeile mit dem gleichen inhalt', 0, 240, 240, 0, 30),
(48, 1, 66, '', 'after opening an empty project, new line is inserted but jss hangs up', 3600, 3720, 3720, 0, 28),
(49, 1, 66, '', 'drag & drop of feature blocks to include all related tasks', 0, 3600, 3600, 0, 76),
(50, 1, 66, '', 'after sorting the jss hangs up when doing an ajax request', 6600, 7020, 7020, 0, 34),
(51, 1, 66, '', 'when double clicking a task - open the task in a detail mode', 0, 0, 0, 0, 75),
(52, 1, 66, '', 'Saving field after a few seconds in addition to the fields switch saving', 3600, 3600, 3600, 0, 88),
(53, 1, 66, 'Ideas', '', 0, 0, 0, 0, 59),
(54, 1, 66, 'bug', '', 21000, 21000, 0, 0, 1),
(55, 1, 66, '', 'after creating a new project via selectbox it shows the waiting sign and hangs up', 3600, 3795, 3795, 0, 25),
(56, 1, 46, '4.10.07', '', 0, 0, 0, 0, 78),
(57, 1, 46, '', 'html entities in input Feldern', 7200, 3360, 3360, 0, 76),
(58, 1, 46, '28.08.07', '', 0, 0, 0, 0, 72),
(59, 1, 46, '', 'Partner anlegen wieder einbauen, emails check, Probleme mit mikos Server siehe Mails', 7200, 21600, 21600, 0, 1),
(60, 1, 46, '3.010.07', '', 0, 0, 0, 0, 2),
(61, 1, 66, '', 'delete selected tasks after selecting a project', 0, 600, 600, 0, 29),
(62, 1, 66, '', 'after changing the description value, class emtpy is not removed from task', 3600, 4200, 4200, 0, 27),
(63, 1, 66, '', 'nach dem einfügen einer neuen zeile wird automatisch eine weitere eingefügt', 0, 21360, 21360, 0, 31),
(64, 1, 66, '', 'check number inputs for strings ', 0, 3600, 3600, 0, 33),
(65, 1, 66, '', 'elapsed time and origest is not reformatted to hours after changing', 1800, 1800, 1800, 0, 35),
(66, 1, 66, '', 'when counting multiple rows are marked when listing project', 0, 60, 60, 0, 37),
(67, 1, 46, '', 'testen der funktionen von meine Daten speichern und mitarbeiter anlegen/editieren (cpis)', 0, 13320, 13320, 0, 9),
(68, 1, 46, '7.10.07', '', 0, 0, 0, 0, 82),
(69, 1, 46, '', 'Implementieren und testen von Rechtemanagement', 10800, 6300, 6300, 0, 80),
(70, 1, 66, '', 'when timer is counting - show actual time in browser title', 1200, 1200, 1200, 0, 92),
(71, 1, 66, '', 'einkopieren von mehreren zeilen erzeugt automatisch die anzahl der benötigten zeilen', 0, 7200, 7200, 0, 93),
(72, 1, 46, '', '0000020: meine daten Ändern im cpis, meine daten werden nicht ans cpis ?ºbertragen', 0, 2100, 2100, 0, 83),
(73, 1, 46, '', '0000019: Tooltip bei mitglieder einpflegen', 0, 240, 240, 0, 84),
(74, 1, 46, '', '0000015: www in meine Daten', 0, 600, 600, 0, 85),
(75, 1, 46, '', '0000017: prüfung ob passwort stimmt', 0, 480, 480, 0, 86),
(76, 1, 46, '', '0000010: MA Handling', 0, 420, 420, 0, 87),
(77, 1, 46, '', '0000018: MA Detail bei tester 2', 0, 720, 720, 0, 88),
(78, 1, 46, '', 'Speichern von Mitarbeiterdaten erwartet vollständigen datensatz (bug 24), ausserdem mikos boolbug mit gender gekillt', 0, 10620, 10620, 0, 92),
(79, 1, 46, '', 'Mail von Marcel - Email Check bei mitarbeiter anlegen und meine daten Ändern eingebaut, Telefon bleibt so', 0, 600, 600, 0, 89),
(80, 1, 46, '8.10.07', '', 0, 0, 0, 0, 91),
(81, 1, 46, '10.10.07', '', 0, 0, 0, 0, 108),
(82, 1, 46, '', 'issue29, pflichtfeldangaben pr?ºfen, und Ortsnamen (cpis und kis) d?ºrfen keine Zahlen enthalten', 0, 1320, 1320, 0, 115),
(85, 1, 46, '', 'Dokumentation der Mikos Schwachstelle "Schreiben in fremde Benutzerkonten"', 0, 1020, 1020, 0, 109),
(86, 1, 46, '', 'Erstellen eines Testframeworks zum Testen der Schwachstelle (http://baggerware.com/console/index.php)', 0, 5820, 5820, 0, 110),
(87, 1, 46, '', 'Erstellen einer Funktion die sämtliche Formeingaben hinsichtlich sql konformität prüft.', 1800, 1620, 1620, 0, 111),
(88, 1, 46, '', 'issue 26, edit MA - speichern - edutieren geht nicht mehr ', 0, 240, 240, 0, 116),
(89, 1, 46, '', '', 0, 0, 0, 0, 119),
(90, 1, 46, '12.10.07', '', 0, 0, 0, 0, 113),
(91, 1, 46, '', 'issue 27,  Datum auf Logik prüfen -> ausskommentiert im quellcode', 0, 2940, 2940, 0, 114),
(92, 1, 66, '', 'Speichern als excel', 0, 0, 0, 0, 71),
(93, 1, 66, '', 'Speichern als CSV', 0, 0, 0, 0, 72),
(94, 1, 66, '', 'Print CSS erstellen', 1800, 300, 300, 0, 96),
(95, 1, 66, '', 'Möglichkeit  5 min -5min button, um schnelle Zeitänderungen vorzunehmen mit control plus   und - ', 0, 60, 60, 0, 97),
(96, 1, 66, '', 'Projekt informationen in den Head, für Links und Paswörter ETC.', 0, 0, 0, 0, 73),
(101, 1, 94, '', '', 0, 0, 0, 0, 1),
(105, 1, 95, '', '', 0, 0, 0, 0, 1),
(106, 1, 95, '', '', 0, 0, 0, 0, 2),
(107, 1, 95, '', '', 0, 0, 0, 0, 9),
(108, 1, 95, '', 'jkhgjhghjghjg', 3600, 3600, 3600, 2, 7),
(109, 1, 95, '', '', 0, 0, 0, 0, 6),
(110, 1, 95, 'gjhgjh', '19.05.2008', 0, 0, 0, 0, 4),
(111, 1, 95, '', '', 0, 0, 0, 0, 5),
(112, 1, 95, '', '', 0, 0, 0, 0, 8),
(113, 1, 96, '', '', 0, 0, 0, 0, 1),
(114, 1, 97, '', '', 0, 0, 0, 0, 1),
(115, 1, 46, '', '', 0, 0, 0, 0, 149),
(116, 1, 46, '', '', 0, 0, 0, 0, 28),
(117, 1, 98, '', '', 0, 0, 0, 0, 1),
(118, 1, 98, '', '', 0, 0, 0, 0, 2),
(119, 1, 98, '', '', 0, 0, 0, 0, 3),
(120, 1, 98, '', 'abc14', 0, 0, 0, 0, 4),
(121, 1, 98, '', '', 0, 0, 0, 0, 8),
(122, 1, 98, '', '', 0, 0, 0, 0, 9),
(123, 1, 98, '', '', 0, 0, 0, 0, 10),
(124, 1, 98, '', '', 0, 0, 0, 0, 11),
(125, 1, 98, '', '', 0, 0, 0, 0, 12),
(126, 1, 98, '', '', 0, 0, 0, 0, 13),
(127, 1, 98, '', 'dfsd', 0, 0, 0, 0, 5),
(128, 1, 98, '', 'dsfsdf', 0, 0, 0, 0, 6),
(129, 1, 98, '', '', 0, 0, 0, 0, 7),
(130, 1, 66, '', 'inserting new line with enter creates 2 new lines', 0, 3600, 3600, 0, 42),
(131, 1, 66, '', 'timer continues count in windowtitle after stoping', 0, 3600, 3600, 0, 41),
(132, 1, 46, '', '', 0, 0, 0, 0, 27),
(133, 1, 46, '', '', 0, 0, 0, 0, 26),
(933, 0, 0, '', '', 0, 1220587126, 1220587126, 0, 163),
(931, 1, 131, '', 'Setting up Development Environment', 3600, 1207, 1207, 0, 13),
(929, 1, 122, '', 'Working on Menues, fighting with CSS', 0, 11069, 11069, 0, 30),
(928, 1, 122, 'Drupalize Webpage', '', 0, 0, 0, 0, 23),
(903, 1, 66, '', 'Filter der Tasklist on the fly ', 0, 3600, 3600, 0, 94),
(902, 1, 66, '', 'Put Plugins into Plugsins Dict instead of stand alone classes, to protect namespace', 0, 60, 60, 0, 57),
(901, 1, 66, '', 'Support for running in subfolder', 0, 25, 25, 0, 56),
(150, 0, 0, '', '', 0, 0, 0, 0, 84),
(151, 0, 0, '', '', 0, 0, 0, 0, 84),
(152, 0, 0, '', 'adding done value increases current, but doesnt save it to the server', 0, 0, 0, 0, 84),
(153, 0, 0, '', 'somtimes the control key is not beeing released ', 0, 0, 0, 0, 84),
(154, 0, 0, '', '', 0, 0, 0, 0, 85),
(155, 1, 66, '', 'keyboard shortcuts copy und paste mit shift control verknüpfen.. man kann sonst keinen text kopieren oder ausschneiden', 0, 60, 60, 0, 52),
(156, 0, 0, '', '', 0, 0, 0, 0, 132),
(157, 0, 0, '', '', 0, 0, 0, 0, 132),
(158, 1, 66, '', 'bei langsamer verbindung kommt die meldung dass der broadcaster nicht geladen werden konnte.', 0, 60, 60, 0, 50),
(159, 1, 66, '', 'setting done value increases current in interface but doesnt save it to server', 0, 3600, 3600, 0, 43),
(160, 1, 66, '', 'after creating a new project window should close', 0, 60, 60, 0, 45),
(161, 1, 66, '', 'internet explorer doesnt know cascading of stylesheets :(', 0, 3600, 3600, 0, 44),
(162, 1, 66, '', 'TIMER: bei laufendem timer werden nach dem neu laden sonderzeichen nicht korrekt dargestellt (scheinbar kommen sie falsh aus der DB)', 0, 60, 60, 0, 49),
(163, 1, 66, '', 'loading process doesnt work and could need a preloader or loading icon', 0, 60, 60, 0, 48),
(900, 1, 66, '', 'Click on Block Heading looks awkward', 0, 60, 60, 0, 58),
(899, 0, 0, '', '', 0, 1220418902, 1220418902, 0, 161),
(166, 1, 100, '', '', 0, 0, 0, 0, 1),
(167, 1, 66, '', 'Google Widget', 0, 0, 0, 0, 81),
(168, 1, 66, '', 'OSX Dashboard Widget', 0, 0, 0, 0, 79),
(169, 1, 66, '', 'Send email if timer is counting for more then 8 hours continously', 0, 14400, 14400, 0, 85),
(170, 1, 66, '', 'Tasklist wird jetzt per javasvript generiert - testen ob es mit php und html load schneller ist. -> ist schneller', 0, 14400, 14400, 0, 99),
(171, 1, 106, '', 'TUI: einfügen von sommerzeit und german time zone für alle benutzer in allen drei foren', 0, 600, 600, 0, 57),
(172, 1, 106, '', 'VWC: das ganze ins livesystem übernehmen :-)', 0, 1800, 1800, 0, 38),
(173, 1, 106, '', 'VWC: Mikos Verfügbarkeitscheck und Fehlermeldung einbauen, jeweils für KIS und CPIS unterschiedliche Fehlermeldung, Login etc ausblenden', 7200, 7200, 7200, 0, 37),
(174, 1, 106, '', 'TUI:  Automatisches Setzen von Winter und Sommerzeit bei Anmeldung', 7200, 7200, 7200, 0, 56),
(1190, 1, 141, '', 'IE Fix', 0, 5700, 5700, 0, 4),
(176, 1, 102, '', 'Shop Design einbauen', 144000, 72000, 49260, 0, 1),
(177, 1, 102, '', 'Molters Bild raus', 0, 0, 0, 0, 3),
(178, 1, 102, '', '', 0, 0, 0, 0, 30),
(179, 1, 102, '', ' -   neues bild rein', 0, 0, 0, 0, 4),
(180, 1, 102, '', 'deutsch/english fahnen einblenden', 0, 60, 60, 0, 6),
(181, 1, 102, '', 'login/logout immer sichtbar', 0, 60, 60, 0, 7),
(182, 1, 102, '', 'Newsletter abonnieren', 0, 0, 0, 0, 8),
(183, 1, 102, '', 'pfeile zum nach rechts scrollen', 0, 0, 0, 0, 9),
(184, 1, 102, '', 'schriften etwas kleiner', 0, 0, 0, 0, 10),
(185, 1, 102, '', 'startseite content oben ausrichten', 0, 0, 0, 0, 11),
(186, 1, 102, '', 'Bild hintergrund auf listenansicht vereinfachen', 0, 0, 0, 0, 12),
(187, 1, 102, '', 'Bildhintergrund auf detailansich einfügen', 0, 0, 0, 0, 13),
(188, 1, 102, '', 'link für disclaimer und nutzungsbedingungen', 0, 0, 0, 0, 14),
(189, 1, 102, '', 'Menue Hauptmenues schicker machen', 0, 0, 0, 0, 15),
(190, 1, 0, '', '', 0, 0, 0, 0, 139),
(191, 1, 66, '', 'undo mechanism for deleting, copy pasting and editing tasks', 0, 0, 0, 0, 74),
(192, 1, 66, '', 'if multiple rows are selected, perform changes of times or prio on all selected rows', 0, 1800, 600, 0, 70),
(193, 1, 66, '', 'review modifier concept and define more modifier access points', 0, 0, 0, 0, 9),
(195, 1, 104, '', '', 0, 0, 0, 0, 8),
(196, 1, 104, '', '', 0, 0, 0, 0, 9),
(197, 1, 104, '', '', 0, 0, 0, 0, 10),
(898, 1, 66, '', 'nachdem die session times out, fehlermeldung bei tasklist erscheint .. automatischer logout notwendig', 0, 60, 60, 0, 55),
(896, 2, 132, '', '', 0, 0, 0, 0, 10),
(859, 1, 131, '', 'Review Requirements, Functional Spec  (Mon, 1. Sept - Fr, 5. Sept)', 0, 122738, 122738, 0, 6),
(860, 1, 131, '', '', 0, 2, 2, 0, 10),
(1103, 1, 66, '', 'moving with cursor keys crashes when moving into a block headline', 0, 0, 0, 0, 7),
(889, 2, 132, '', '', 0, 0, 0, 0, 3),
(890, 2, 132, '', '', 0, 0, 0, 0, 4),
(888, 2, 132, '', 'test ', 0, 18000, 1652, 0, 2),
(895, 2, 132, '', '', 0, 0, 0, 0, 9),
(894, 2, 132, '', '', 0, 0, 0, 0, 8),
(893, 2, 132, '', '', 0, 0, 0, 0, 7),
(891, 2, 132, '', '', 0, 0, 0, 0, 5),
(892, 2, 132, '', '', 0, 0, 0, 0, 6),
(887, 2, 132, '', '', 0, 0, 0, 0, 1),
(212, 1, 106, 'Stundenzettel Juni 08', '', 0, 0, 0, 0, 1),
(213, 1, 106, '', 'Mikos: Testserver Adresse ändern, und Rückücksetzen, mail von ralf am 28.5.', 0, 900, 900, 0, 2),
(214, 1, 106, '', '2.6.08 - Änderungen am Multiple Choice Modul (geschlossen) MEV, BNR, Mail vom 31.5.08 "WG: Gewinnspiel Formular bitte zurücksetzen"', 0, 3600, 3600, 0, 26),
(215, 1, 106, '', 'Update Sitemap class, anpassen an MIKOS WebService und testen auf Testsystem und Live System', 0, 1500, 1500, 0, 27),
(216, 1, 106, '', 'adding a timeout to the floater on baggerware.com  und checken von baggerware server, skype vom 15.6.08', 0, 840, 840, 0, 28),
(217, 1, 102, '', '', 0, 0, 0, 0, 31),
(218, 1, 102, '', '', 0, 0, 0, 0, 23),
(219, 1, 107, '', 'Basteln am Stock', 0, 1130400, 1130400, 0, 1),
(220, 1, 107, '', 'remove button in lightbox ', 0, 60, 60, 0, 2),
(221, 1, 107, '', 'select price in lightbox', 0, 480, 480, 0, 3),
(222, 1, 107, '', 'recieptseite erstellen / reparieren', 0, 420, 420, 0, 4),
(223, 1, 107, '', 'combine details preload for lighbox piuctures', 5400, 1500, 1500, 0, 6),
(224, 1, 107, '', 'Umlaute sind zerschossen in der Bestellemail', 1800, 1800, 1800, 0, 7),
(225, 1, 107, '', 'beim einloggen in der lightbox wird der login-button nicht auf "weioter" gesetzt', 600, 600, 600, 0, 8),
(226, 1, 107, '', 'Abschluß der Bestellung funzt nicht%u2026die Bestellung wird nicht versandt und das BEstellfenster schließt nicht', 1200, 1200, 1200, 0, 9),
(227, 1, 107, '', 'bilder reihenfolge umkehren', 300, 300, 300, 0, 10),
(228, 1, 66, '', 'pressing control (apple) wasnt lost after tabbing away from window, when reenter key was still pressed', 0, 60, 60, 0, 47),
(229, 1, 66, '', 'when creating a new project - a load/wait/status message should appear', 0, 60, 60, 0, 46),
(230, 1, 106, '', 'Baggerware Testsystem Bilder wieder hergestellt, aber aus SVN ausgeschlossen  ', 0, 2700, 2700, 0, 25),
(231, 1, 66, '', 'if documents are attached to a task, show icon in task row', 0, 60, 60, 0, 87),
(232, 1, 106, 'Subversion INFO', '', 0, 0, 0, 0, 30),
(233, 1, 66, '', 'tabbar needs left right handles if to broad to fit into head', 0, 0, 0, 0, 78),
(234, 1, 66, '', 'Yahoo Widget ', 0, 0, 0, 0, 80),
(235, 1, 107, '', 'Man könnte die Anzahl der Bilder in den Kategorien schon beschränken, außer bei den Suchergebnisse  ???', 0, 60, 60, 0, 11),
(236, 1, 107, '', '', 0, 0, 0, 0, 12),
(1182, 1, 122, '', 'Tekron last changes from simons and charles mail ', 0, 5460, 5460, 0, 69),
(239, 1, 107, '', '- login button wird nicht zum logout button (man kann sich quasi nicht ausloggen)', 0, 60, 60, 0, 13),
(240, 1, 107, '', '- man kann sich noch nicht aus dem Lichttisch heraus anmelden', 0, 1800, 1800, 0, 14),
(241, 1, 107, '', '- die Kategorie "neueste Bilder" zeigt leider nicht die neuesten Bilder', 0, 300, 300, 0, 15),
(242, 1, 107, '', '- die Kategorie Drop Box funzt nicht', 0, 60, 60, 0, 16),
(243, 1, 107, '', '- weniger thumbs bitte anzeigen (40 max) außer bei der Ergebnisanzeige nach einer Suche', 0, 60, 60, 0, 17),
(244, 1, 107, '', 'vorheriges / nächstes Bild anzeigen in Bild ansicht', 0, 0, 0, 0, 18),
(245, 1, 107, '', '', 0, 0, 0, 0, 30),
(246, 1, 106, 'Stundenzettel Juli 08', '', 0, 35100, 0, 0, 35),
(247, 1, 106, '', '', 0, 0, 0, 0, 29),
(248, 1, 106, '', 'VWC: Beim registrieren eines neuen Mitglieds Mailtext an CSC ändern in:  "Das Mitglied mit der Member Nummer xxxxxxx hat sich soeben registriert"', 0, 1020, 1020, 0, 36),
(249, 1, 106, '', 'VWC: suchen anderen weg den soap server auf verfügbarkeit zu prüfen - das reine verbinden geht nützt', 0, 4200, 4200, 0, 46),
(252, 1, 106, '', 'https://www.vw-club.de/svn/vwclub/trunk/', 0, 0, 0, 0, 33),
(253, 1, 106, '', 'bosselmann:svn2907vwc', 0, 0, 0, 0, 31),
(255, 1, 66, '', 'Eval number inputs ', 0, 0, 0, 0, 69),
(256, 1, 66, '', 'plugin taskdetails: doesnt add double click to new rows', 0, 60, 60, 0, 21),
(1175, 1, 139, '', 'Wincenter take Powered by Zencart out', 0, 1800, 1800, 0, 20),
(258, 1, 106, '', '', 0, 0, 0, 0, 60),
(259, 1, 66, '', 'if a detailed desctiption is added to the task show an icon', 0, 10, 10, 0, 77),
(260, 1, 106, '', 'VWC: 13.7. UTF konverts wieder einspielen ins Testsystem', 0, 2700, 2700, 0, 50),
(261, 1, 106, '', '', 0, 0, 0, 0, 67),
(262, 1, 66, '', 'Login with Enter button', 0, 960, 960, 0, 53),
(263, 1, 118, '', 'Concept / Spec ', 0, 9060, 9060, 0, 3),
(264, 1, 122, '', '', 0, 0, 0, 0, 22),
(1073, 0, 137, '', '', 0, 0, 0, 0, 1),
(266, 1, 118, 'Monday 4.8.08  payed', '', 0, 0, 0, 0, 24),
(1654, 1, 155, '', 'Newsletter Conversion Tylee', 0, 2700, 2700, 0, 2),
(268, 1, 122, '', 'Update working copy on Dell Machine', 0, 1500, 1500, 0, 29),
(269, 1, 122, '', 'create dev environment', 0, 1217, 1217, 0, 16),
(270, 1, 118, 'Insurance Application  -  payed', '', 0, 0, 0, 0, 2),
(1022, 1, 135, '', '', 0, 0, 0, 0, 24),
(272, 1, 106, '', 'VWC: Jira Bug 349', 0, 1680, 1680, 0, 52),
(273, 1, 122, '', 'Create additional submenues', 0, 2100, 2100, 0, 28),
(274, 1, 122, '', 'move to dev Server', 0, 601, 601, 0, 21),
(275, 1, 122, '', 'create remaining html forms', 0, 1802, 1802, 0, 20),
(276, 1, 118, '', 'CSV File READ IN - Structuring and Converting Sourcefiles', 0, 6600, 6600, 0, 7),
(277, 1, 118, '', 'Javascript Framework Setup', 0, 3600, 3600, 0, 4),
(278, 0, 0, '', '', 0, 0, 0, 0, 122),
(803, 1, 118, '', '', 0, 0, 0, 0, 60),
(280, 1, 118, 'Friday 8.8.08    payed', '', 0, 0, 0, 0, 51),
(281, 1, 118, '', 'General Testing and debugging', 0, 14820, 14820, 0, 9),
(283, 0, 0, '', 'VWC: Loginform als IFRAME für SSL bauen', 0, 2760, 2760, 0, 53),
(284, 1, 125, '', '- clear things upx', 0, 3600, 3600, 0, 4),
(285, 1, 118, '', 'Backend programming for ajax requests and database access.', 0, 28800, 28800, 0, 5),
(286, 1, 121, '', 'Transqual Import Data from excel into database', 0, 1200, 1200, 0, 16),
(287, 1, 124, '', 'Keywors Optimierung für google, generieren neuer Sitemap für Google Sites', 0, 4560, 4560, 0, 2),
(288, 1, 106, '', 'VWC: 14.7. Mail bug Auffinden des Passwortes, Matzes Fehler beseitig', 0, 900, 900, 0, 51),
(289, 1, 106, '', 'VWC: 11.7.  mikos rückentwicklung um test und livesyestem auf einen stand bringen, loginprobleme..', 0, 1200, 1200, 0, 47),
(290, 1, 122, '', 'Change Stuff Ray was about to change', 0, 3265, 3265, 0, 27),
(291, 1, 122, '', 'styling Forms in new page', 0, 1800, 1800, 0, 25),
(292, 1, 124, '', '', 0, 0, 0, 0, 1),
(874, 1, 131, '', 'Updateing Database Structure', 10800, 3849, 3849, 0, 14),
(799, 1, 118, '', '', 0, 0, 0, 0, 56),
(1012, 1, 135, 'Wednesday', '', 0, 0, 0, 0, 12),
(299, 1, 118, '', 'Adding Table of different coverplans with click-to-select with marking of rows', 0, 19260, 19260, 0, 11),
(300, 1, 106, '', 'VWC: 11.7. Testbenutzer geht nicht - Fehler suchen -> Ralf hat in falscher DB angelegt', 0, 600, 600, 0, 48),
(301, 1, 106, '', 'VWC: 11.7. basteln und CO / Feld "Position" wird wie gespeichert?-> nicht im Intrexx vorhanden', 0, 6000, 6000, 0, 49),
(302, 1, 106, '', '', 0, 0, 0, 0, 66),
(303, 1, 106, 'Ideen für Mikos2', '', 0, 0, 0, 0, 62),
(304, 1, 106, '', '', 0, 0, 0, 0, 61),
(305, 1, 106, '', 'redundanzen abschaffen, keine überflüssigen Felder in der Lokalen DB speichern wie Name, Position etc.', 0, 0, 0, 0, 63),
(306, 1, 106, '', 'KIS und CPIS Klassen zusammenführen??  neeeds discussion', 0, 0, 0, 0, 64),
(307, 1, 106, '', 'Datenbank und Smarty in die Base CLASS Mikos und nicht in die KIS und CPIS Klassen', 0, 0, 0, 0, 65),
(308, 1, 118, '', 'Developing Client Interface for pages and floating windows for questions', 0, 96060, 96060, 0, 6),
(313, 0, 0, '', '', 0, 0, 0, 0, 124),
(314, 0, 0, '', '', 0, 0, 0, 0, 124),
(315, 1, 118, '', 'Login for viewing & downloading new / all applications as CSV File with login (user table with last login storage, CSV Exporter)', 0, 28020, 28020, 0, 10),
(316, 1, 118, '', 'Creating/Changing Database Layout', 0, 1800, 1800, 0, 8),
(317, 1, 122, '', 'create dynamic javascript product code generator on dynamic input field structure', 0, 16716, 16716, 0, 18),
(318, 0, 0, '', '', 0, 0, 0, 0, 125),
(319, 0, 0, '', 'Issue: sql injection: cart_class:41, checkout:57', 0, 0, 0, 0, 124),
(320, 0, 0, '', 'After placing order, needs to return to the frontpage/first category.', 0, 2760, 2760, 0, 124),
(322, 1, 118, '', '', 0, 0, 0, 0, 19),
(798, 1, 118, '', '', 0, 0, 0, 0, 55),
(325, 0, 0, '', 'Order Customers List on Report list -> customers name only alphabethical. ', 0, 1200, 1200, 0, 123),
(326, 1, 122, '', 'create html structure form 1', 0, 2340, 2340, 0, 17),
(327, 1, 118, '', 'PDF Skinning, and adding new data (GP etc)', 0, 12600, 12600, 0, 52),
(328, 1, 125, '', '- put in calculation ', 0, 7200, 7200, 0, 9),
(329, 1, 122, '', 'create ajax - email submit with PDF File', 0, 16200, 16200, 0, 19),
(330, 1, 118, '', '', 0, 0, 0, 0, 53),
(331, 1, 122, '', 'drupalize new webpage ', 0, 88380, 88380, 0, 24),
(332, 1, 125, 'Needs Calculator Extra Work', '', 0, 0, 0, 0, 7),
(333, 1, 125, '', '- write up HTML/CSS markup', 0, 3000, 3000, 0, 5),
(334, 1, 125, '', '- put in javascript to show/hide Steps and options', 0, 7200, 7200, 0, 6),
(335, 1, 125, '', 'Rebuild of the form from http://www.aa.co.nz/insurance/life-insurance/Pages/Life-Insurance-cover-calculator.aspx', 0, 60, 60, 2, 3),
(336, 1, 118, '', 'Additional changes', 0, 25200, 25200, 0, 18),
(337, 1, 121, '', 'fixing the cart class naming problem - by rewriting and re assigning the cart class to the session', 0, 6720, 6720, 0, 19),
(338, 0, 0, '', 'VWC: Login form als IFRAME einbauen', 0, 0, 0, 0, 53),
(339, 0, 0, '', '', 0, 0, 0, 0, 54),
(340, 0, 0, '', '', 0, 0, 0, 0, 54),
(341, 0, 0, '', 'VWC: SSL Login, files bauen, kis config anpassen, cpis config anpassen, javascript anpassen etc.', 0, 2700, 2700, 0, 53),
(342, 1, 106, '', 'VWC: SSL Login, ', 0, 3300, 3300, 0, 53),
(345, 1, 118, '', 'Callcenter View ', 0, 25200, 25200, 0, 25),
(1181, 1, 122, '', 'Tekron Fix menues over flash movie', 0, 1513, 1513, 0, 67),
(347, 1, 66, '', 'Time inserts with  d and  h ie  5d  converts to 40h ', 0, 0, 0, 0, 82),
(348, 1, 66, '', 'Timer updated tasklist object und damit die summaries nicht', 0, 60, 0, 0, 10),
(349, 1, 66, '', 'Nach dem Anlegen eines neuen Projektes wird dies nicht in die Summary aufgenommen', 0, 60, 60, 0, 54),
(351, 1, 66, '', 'Multiple user support with the possibility to share sheets. ie. Mölli can access my MOE4 sheet with his account.', 0, 60, 60, 0, 95),
(352, 1, 107, '', 'neueste bilder nach vorne', 0, 0, 0, 0, 19),
(353, 0, 0, '', 'adding Sorting categories by drag& drop in categories editor', 0, 2700, 2700, 0, 122),
(354, 1, 118, '', 'Including Application into Webpage', 0, 1260, 1260, 0, 17),
(355, 1, 118, '', 'Login Backend add Estimates Category', 0, 39600, 39600, 0, 15),
(356, 1, 118, '', 'Sending requests from application AJAX interface', 0, 39600, 39600, 0, 12),
(357, 1, 118, '', 'creating/changing Estimates PDF', 0, 25200, 25200, 0, 13),
(358, 1, 118, '', 'Changing family history table ', 0, 1800, 1800, 0, 14),
(359, 1, 118, '', 'Add Hostpice List, add to html page and submitscript, testrun', 0, 1200, 1200, 0, 22),
(906, 0, 0, '', '', 0, 1220495970, 1220495970, 0, 162),
(361, 1, 106, '', 'VWC: Anrede und Geschlecht checken - so umbauen, dass Herr oder Frau als Anrede erscheint', 0, 1500, 1500, 0, 54),
(362, 1, 125, '', 'Charity Life  adding details fields - ammending pdf, database ', 0, 25740, 25740, 0, 8),
(363, 0, 0, '', 'issue: when adding another product to an order, an error appears, class cart seems to get put into the session as session class', 0, 0, 0, 0, 123),
(364, 1, 118, '', '', 0, 0, 0, 0, 23),
(366, 1, 118, 'Friday 1.8.08  payed', '', 0, 0, 0, 0, 21),
(1188, 1, 141, '', 'Tekron Newsletter Template', 0, 1380, 1380, 0, 2),
(1189, 1, 141, '', 'QUOTE PDF update to new layout', 0, 2100, 2100, 0, 3),
(1180, 1, 122, '', '', 0, 0, 0, 0, 75),
(371, 1, 118, '', '', 0, 0, 0, 0, 54),
(372, 0, 0, '', 'Mark processed Items in login area ', 0, 0, 0, 0, 142),
(373, 0, 0, '', 'Marks change list', 0, 0, 0, 0, 143),
(374, 0, 0, '', '', 0, 0, 0, 0, 144),
(375, 1, 118, 'Tuesday  5.8.08 payed', '', 0, 0, 0, 0, 27),
(376, 1, 118, '', 'Marks Whishlist per mail', 0, 5640, 5640, 0, 28),
(377, 1, 118, '', 'put red borders around compulsory but empty fields after clicking submit', 0, 2040, 2040, 0, 31),
(378, 1, 118, 'Wednesday 6.8.08  payed', '', 0, 0, 0, 0, 36),
(379, 1, 118, '', 'Test & Debug & IE fixes', 0, 4800, 4800, 0, 29),
(380, 1, 118, '', 'all phone numbers to be 2 fields, write them back into one', 0, 1740, 1740, 0, 33),
(381, 1, 118, '', 'have a meeting with marc', 0, 2760, 2760, 0, 30),
(382, 1, 118, '', 'put the checkbox in send estimate back in', 0, 660, 660, 0, 32),
(383, 1, 118, '', 'put "goto and answer question X" into floating div', 0, 960, 960, 0, 34),
(801, 1, 118, '', '', 0, 0, 0, 0, 58),
(385, 1, 118, '', 'bugfixes', 0, 360, 360, 0, 37),
(386, 1, 118, '', 'Add disclosure text on top of questions, tweaking und bugfixing', 0, 2700, 2700, 0, 41),
(387, 1, 118, '', 'new "Application sent" message', 0, 240, 240, 0, 38),
(388, 1, 118, '', 'added new question', 0, 240, 240, 0, 39),
(389, 1, 118, '', 'Note about "this is my normal GP" changed', 0, 120, 120, 0, 40),
(390, 1, 118, '', 'bugfixing', 0, 1800, 1800, 0, 42),
(802, 1, 118, '', '', 0, 0, 0, 0, 59),
(392, 1, 118, '', 'Login, Adding pagenumbers to login lists, add Delete, Process, Dowload CSV (all, single, selected), usermanagement', 0, 23940, 23940, 0, 43),
(393, 1, 118, 'Thursday 7.8.08    payed', '', 0, 0, 0, 0, 45),
(394, 1, 118, '', 'general Bugfixing and Changes on Login, Callcenter, application and calculator', 0, 6600, 6600, 0, 47),
(395, 1, 118, '', 'continue work on usermanagement', 0, 7200, 7200, 0, 46),
(396, 1, 118, '', 'Switch AIDS Button Action on yes to no ', 0, 1620, 1620, 0, 49),
(397, 1, 118, '', 'Time zone fix for Pacific/Auckland time zone while Server is in the us (8 hours ahead)', 0, 780, 780, 0, 48),
(1006, 1, 121, '', '', 0, 0, 0, 0, 42),
(400, 1, 121, '', 'Moving all OLD F Endorsment to F endorsment', 0, 1080, 1080, 0, 18),
(401, 1, 121, '', 'Extra User "Tranzqual" with just the possibility to see reports (including configuring database)', 0, 4800, 4800, 0, 17),
(402, 1, 121, '', 'remove Texts from order page', 0, 60, 60, 0, 10),
(403, 1, 121, 'Extra', '', 0, 0, 0, 0, 15),
(1007, 1, 122, '', 'Instruct Ray in FireBug, Dreamweaver, Project, Suckerfish Menue, CSS, Local Filesystem', 5700, 5700, 5700, 0, 26),
(406, 1, 121, '', 'duplicate system vhost? database?  set up development system', 0, 7200, 7200, 0, 3),
(407, 1, 121, '', 'change logo and brand for Dulux version', 0, 7200, 7200, 0, 4),
(408, 1, 121, '', 'customer can add/edit/delete in products', 0, 28800, 28800, 0, 6),
(409, 1, 121, '', 'customer can add/edit/delete in categories', 0, 18420, 18420, 0, 7),
(410, 1, 121, '', 'Customer list "please choose a customer", just individual names alphabethicly.', 0, 3060, 3060, 0, 5),
(412, 1, 121, '', 'Category database, set default to be loaded after some action ', 0, 3600, 3600, 0, 8),
(413, 1, 121, '', 'When placing an order, changing the address should be possible', 0, 4320, 4320, 0, 9),
(414, 1, 121, '', 'add comment to order details, comment need to appear on pdf and to be stored in DB', 0, 1800, 1800, 0, 11),
(415, 1, 121, '', 'when placing order turn off postcode to be compulsary', 0, 900, 900, 0, 12),
(416, 1, 121, '', 'Dispatch Email  to a rural Destination - the word "rural" doesnt appear in the email Subject ', 0, 600, 600, 0, 13),
(417, 1, 124, '', 'Online Email Einrichtung und Webseitenberatung', 0, 9000, 9000, 0, 3),
(418, 1, 124, '', '', 0, 0, 0, 0, 4),
(419, 1, 124, '', '', 0, 0, 0, 0, 5),
(420, 1, 124, '', '', 0, 0, 0, 0, 6),
(421, 1, 124, '', '', 0, 0, 0, 0, 7),
(422, 1, 124, '', '', 0, 0, 0, 0, 8),
(423, 1, 124, '', '', 0, 0, 0, 0, 9),
(424, 1, 124, '', '', 0, 0, 0, 0, 10),
(425, 1, 118, '', 'Install Sofware on Client Server', 0, 2460, 2460, 0, 16),
(426, 1, 125, '', '', 0, 0, 0, 0, 1),
(429, 1, 121, 'Initial Job', '', 0, 0, 0, 0, 2),
(1028, 1, 136, '', 'Tekron Rebuild Template ', 0, 0, 0, 0, 16),
(431, 1, 125, 'Needs Calculator', '', 0, 0, 0, 1, 2),
(880, 1, 131, 'Project Management, Spec, Requirements', '', 0, 0, 0, 0, 5),
(433, 1, 126, '', '', 0, 0, 0, 0, 1),
(434, 1, 126, '', 'Reverse engeneering existing code ', 3600, 3600, 3600, 0, 2),
(437, 1, 121, '', 'Mails dont go out  -  Find problem, Install a local SMTP mailer on server, test ', 0, 9658, 9658, 0, 20),
(438, 1, 126, '', 'write code for flame animation following cursor', 3600, 3600, 3600, 0, 4),
(439, 1, 126, '', 'timer for automatic go-to-finish screen', 600, 600, 600, 0, 3),
(441, 1, 126, '', 'calculate a velocity index of moving cursor ', 3600, 8940, 8940, 0, 5),
(442, 1, 126, '', 'manipulating progress bar', 1800, 1800, 1800, 0, 6),
(443, 1, 126, '', 'automatic cursor fake-movement for idle time', 3600, 3600, 3600, 0, 7),
(444, 1, 126, '', 'general flash coding (stage, objects creation, library etc) ', 10800, 10800, 10800, 0, 8),
(446, 0, 0, '', '', 0, 0, 0, 0, 145),
(447, 0, 0, '', '', 0, 0, 0, 0, 146),
(1697, 1, 157, '', 'Update FTP Scripts', 0, 2100, 2100, 0, 2),
(449, 1, 126, '', 'compacting code, introducing settings variables', 3600, 6000, 6000, 0, 9),
(450, 1, 0, '', '', 0, 0, 0, 0, 147),
(451, 0, 66, '', '', 0, 0, 0, 0, 54),
(452, 0, 66, '', '', 0, 0, 0, 0, 55),
(453, 0, 66, '', '', 0, 0, 0, 0, 56),
(454, 0, 66, '', '', 0, 0, 0, 0, 134),
(455, 0, 66, '', '', 0, 0, 0, 0, 135),
(456, 0, 66, '', '', 0, 0, 0, 0, 136),
(457, 0, 66, '', '', 0, 0, 0, 0, 137),
(458, 0, 66, '', '', 0, 0, 0, 0, 138),
(905, 0, 0, '', '', 0, 0, 0, 0, 1),
(1106, 1, 66, '', 'Sub Sub Sub blocks ', 0, 0, 0, 0, 67),
(465, 1, 0, '', '', 0, 0, 0, 0, 148),
(466, 1, 0, '', '', 0, 0, 0, 0, 149),
(467, 1, 0, '', '', 0, 0, 0, 0, 150),
(468, 1, 0, '', '', 0, 0, 0, 0, 151),
(469, 1, 0, '', '', 0, 0, 0, 0, 152),
(470, 1, 0, '', '', 0, 0, 0, 0, 153),
(471, 1, 0, '', '', 0, 0, 0, 0, 154),
(472, 1, 0, '', '', 0, 0, 0, 0, 155),
(473, 1, 0, '', '', 0, 0, 0, 0, 156),
(474, 1, 0, '', '', 0, 0, 0, 0, 157),
(475, 1, 0, '', '', 0, 0, 0, 0, 158),
(476, 1, 0, '', '', 0, 0, 0, 0, 159),
(479, 0, 0, '', '', 0, 0, 0, 0, 1),
(480, 0, 0, '', '', 0, 0, 0, 0, 4),
(482, 0, 0, '', '', 0, 0, 0, 0, 160),
(483, 0, 0, '', '', 0, 0, 0, 0, 1),
(1698, 1, 157, '', 'Install Printorder for Tranzqual on New Server (setting up server, database, php.ini etc) ', 0, 5220, 5220, 0, 3),
(1023, 1, 136, 'Monday 15.9.08', '', 0, 0, 0, 0, 1),
(491, 0, 66, '', '', 0, 0, 0, 0, 152),
(927, 1, 122, 'Rebuild Forms', '', 0, 0, 0, 0, 15),
(766, 1, 127, '', 'Updateing Local Dev System, modifiing header to send request via post instead of get, testing ', 0, 2100, 2100, 0, 7),
(765, 1, 127, '', 'investigate roblems with error 406 with the plugin', 0, 2454, 2454, 0, 6),
(800, 1, 118, '', '', 0, 0, 0, 0, 57),
(504, 0, 66, '', '', 0, 0, 0, 0, 149),
(505, 0, 66, '', '', 0, 0, 0, 0, 150),
(506, 0, 66, '', '', 0, 0, 0, 0, 151),
(507, 0, 126, '', '', 0, 0, 0, 0, 42),
(511, 0, 66, '', '', 0, 0, 0, 0, 153),
(512, 0, 66, '', '', 0, 0, 0, 0, 154),
(872, 1, 131, 'Prerequisites and Base Development', '', 0, 0, 0, 0, 11),
(904, 1, 66, '', 'Change Project Name ', 0, 3600, 3600, 0, 98),
(990, 1, 66, '', '', 0, 0, 0, 0, 104),
(644, 1, 66, '', 'change background color of task', 0, 0, 0, 0, 83),
(1508, 1, 150, '', 'regular expression fuer webadresse um diese in Link umzuwandeln', 1800, 1800, 0, 0, 3),
(784, 1, 125, '', '', 0, 0, 0, 0, 18),
(783, 1, 125, '', '', 0, 0, 0, 0, 17),
(1025, 1, 136, '', '', 0, 0, 0, 0, 3),
(1026, 1, 136, 'Tuesday 16.9.08', '', 0, 0, 0, 0, 4),
(779, 1, 125, 'Nacharbeiten', '', 0, 0, 0, 0, 12),
(1027, 1, 136, '', 'Allied Banner', 0, 0, 0, 0, 14),
(761, 1, 127, '', 'Setup Development system on local dell', 0, 4725, 4725, 0, 3),
(762, 1, 127, '', 'Investigate Haves and ToDos', 0, 2220, 2220, 0, 2),
(763, 1, 127, '', 'build anz egate plugin', 0, 1440, 1440, 0, 4),
(764, 1, 127, '', 'Install paymnt plugin on life system', 0, 3757, 3757, 0, 5),
(752, 1, 66, '', 'ctrl  shift   d to insert current date and time', 0, 3600, 3600, 0, 103),
(1507, 1, 150, '', 'Branchenliste einbauen', 1800, 1800, 0, 0, 2),
(708, 1, 66, 'additional Shortcuts', '', 0, 0, 0, 0, 101),
(1126, 1, 122, '', 'Move product images into description block', 0, 1031, 1031, 0, 58),
(1125, 1, 122, '', 'make 3d display bigger, move product image to the right', 0, 660, 660, 0, 57),
(824, 1, 127, '', '', 0, 0, 0, 0, 12),
(1622, 1, 152, '', 'Erstelle Testseite mit Buchungsmodul, passe Modul fuers "alte" Liquido an', 600, 1186, 1186, 0, 8),
(934, 1, 66, '', 'ctrl shift d to duplicate task', 0, 0, 0, 0, 102),
(935, 1, 125, '', 'CSV export funktioniert nicht', 0, 900, 900, 0, 13),
(1009, 1, 135, '', 'Update Development Env. on Dell', 0, 1800, 1800, 0, 9),
(936, 1, 131, '', 'Add rural note to ', 900, 1018, 1018, 0, 2),
(937, 1, 131, '', 'Meeting with Printlink 9.9.', 0, 1800, 1800, 0, 8),
(938, 1, 131, '', '9.9.08 - update spec after meeting', 0, 1800, 1800, 0, 9),
(2344, 1, 173, '', 'Block Architektur', 28800, 28800, 21306, 0, 25),
(940, 1, 132, '', '', 0, 0, 0, 0, 11),
(941, 1, 122, '', 'Applying Accordion Effect to product pages', 3600, 10422, 10422, 0, 31),
(942, 1, 122, '', 'remove create account from login box0145', 900, 420, 420, 0, 32),
(943, 1, 131, '', 'Review current Class Structure / Update Class Model - View - Controller', 18000, 13980, 13980, 0, 15),
(2343, 1, 173, 'Template System', '', 0, 0, 0, 0, 24),
(2341, 1, 172, '', '25.1.2009 - VXsport - nalpeiron investigation', 0, 2160, 2160, 0, 10),
(948, 1, 122, '', 'Fighting Drupal', 0, 7200, 7200, 0, 43),
(2339, 1, 173, '', 'Galerie Modul auf Basis der Medialibrary', 86400, 86400, 86390, 0, 29),
(953, 1, 131, '', '', 0, 0, 0, 0, 70),
(956, 1, 66, '', '', 0, 0, 0, 0, 100),
(2342, 1, 173, 'CPIS', '', 0, 0, 0, 0, 35),
(2333, 1, 173, '', 'Page Rank', 3600, 3600, 3600, 0, 3),
(2334, 1, 173, '', 'Cache Funktion', 28800, 28800, 0, 0, 4),
(2335, 1, 173, '', 'Sicherheits Review', 7200, 7200, 7200, 0, 5),
(2336, 1, 173, '', 'Reduktion Frames in Backend', 28800, 28800, 28800, 0, 6),
(2378, 1, 173, '', '', 0, 0, 0, 0, 34),
(2338, 1, 173, 'Event Modul', '', 0, 0, 0, 0, 28),
(1062, 1, 122, '', 'change password request link color to username link color', 0, 240, 240, 0, 33),
(2325, 1, 172, '', '23.1.2009 - Tekron change concertinas to tabs', 0, 9208, 9208, 0, 9),
(2326, 1, 165, '', '23.1.2009 - chaning Layout as to delivered screendesign and change texts', 0, 1920, 1920, 0, 14),
(2327, 1, 165, '', '23.1.2009 - new screendesign and changes', 0, 4440, 4440, 0, 15),
(2328, 1, 165, '', '', 0, 0, 0, 0, 19),
(969, 1, 131, '', 'Setup Ajax/Php Framework for Ajax driven architecture, Output system, develop "View" Concept, Access Layer', 36000, 70980, 70980, 0, 16),
(970, 1, 131, '', 'Changing System Requirements after Model Change (multi-client system to single-client system)', 0, 2580, 2580, 0, 17),
(2331, 1, 173, 'Code Review', '', 0, 0, 0, 0, 1),
(2332, 1, 173, '', 'Code Review', 57600, 57600, 57600, 0, 2),
(2324, 1, 172, '', '20.1.2009 Rod And Rifle Payment processing and changes', 0, 12524, 12524, 0, 2),
(2323, 1, 165, '', '', 0, 0, 0, 0, 32),
(2322, 1, 165, '', '26.1.2009 - put solar calc into modal on webpage', 0, 6306, 6306, 0, 17),
(980, 1, 66, '', 'Pasting multiple rows doesnt work', 3600, 319, 319, 0, 12),
(2313, 1, 172, '', '21.1.2009 rebuild payment files after they got deleted while moving server', 0, 6035, 6035, 0, 3),
(987, 1, 131, '', '', 0, 0, 0, 0, 69),
(992, 1, 135, 'Monday', '', 0, 0, 0, 0, 2),
(993, 1, 135, '', 'Tekron Work (clean up rays mess   styling form)', 0, 22380, 22380, 0, 4),
(1024, 1, 136, '', 'Tranzqual Development', 0, 20160, 20160, 0, 2),
(995, 1, 135, '', 'Tekron Add Accordion Effect to product pages', 0, 24060, 24060, 0, 8),
(996, 1, 135, '', 'Spec Changes Tranzqual', 0, 2100, 2100, 0, 10),
(997, 1, 135, '', '', 0, 0, 0, 0, 11),
(998, 1, 135, '', 'Tekron small CSS tweaks   Flash Image', 0, 2640, 2640, 0, 21),
(999, 1, 135, '', 'Tranzqal Development', 0, 25200, 25200, 0, 22),
(1000, 1, 135, '', '', 0, 0, 0, 0, 23),
(1001, 1, 135, '', 'Ray instructions', 0, 5400, 5400, 0, 3),
(1002, 1, 131, '', 'Plan', 0, 660, 660, 0, 3),
(1004, 1, 131, 'Tasks from previous Version', '', 0, 0, 0, 0, 1),
(1005, 1, 131, '', 'Development', 0, 20160, 20160, 0, 12),
(1008, 1, 135, 'Tuesday', '', 0, 0, 0, 0, 7),
(1013, 1, 135, '', 'Tranzqual Work', 0, 18660, 18660, 0, 14),
(1014, 1, 135, 'Thursday', '', 0, 0, 0, 0, 17),
(1015, 1, 135, '', 'Tranzqual Development', 0, 28800, 28800, 0, 18),
(1016, 1, 135, 'Friday', '', 0, 0, 0, 0, 20),
(1018, 1, 135, '', 'Winecenter Install Plugin', 0, 2100, 2100, 0, 5),
(1019, 1, 135, '', 'Winecenter move to Local Dell because URL Problems', 0, 1500, 1500, 0, 13),
(1020, 1, 135, '', 'Winecenter Install and Setup Payment Module', 0, 6180, 6180, 0, 15),
(1029, 1, 136, '', '', 0, 0, 0, 0, 17),
(1030, 1, 136, 'Friday', '', 0, 0, 0, 0, 18),
(1031, 1, 136, '', 'Tekron ', 0, 0, 0, 0, 19),
(1032, 1, 136, '', '', 0, 0, 0, 0, 22),
(2340, 1, 173, '', '', 0, 0, 0, 0, 30),
(2330, 1, 165, '', '19.12.08 - change flash banner - floating Blobs appearing all over the page and moving leftwards away', 0, 1800, 1800, 3, 8),
(2306, 1, 172, '', '13.1.2009 16:48 Rod And Rifle - credit card payment initial quote', 18000, 18000, 18000, 0, 1),
(2307, 1, 172, '', '15.1.2009 Tekron - Change Menu Style', 1800, 1800, 1800, 0, 4),
(2308, 0, 0, '', '', 0, 0, 0, 0, 1),
(2309, 0, 0, '', '', 0, 0, 0, 0, 1),
(2303, 1, 172, '', '21.1.2009 Woolexporter tweaking theme', 0, 1680, 1680, 0, 6),
(2302, 1, 172, '', '20.1.2009 Woolexporter - fix fckeditor after server move and redo changes to template', 1800, 2580, 2580, 0, 5),
(2329, 1, 165, '', '23.1.2009 - additional changes - changing spacing heading and put red line into bottom', 0, 1260, 1260, 0, 16),
(2386, 1, 173, '', 'Newsletter Update installieren', 86400, 86400, 0, 0, 43),
(2312, 1, 66, '', 'Special Characters in Project Names dont work', 0, 0, 0, 2, 3),
(2295, 1, 172, '', '25.1.2009 - Gravure File Manager - Add Date and Size to files', 900, 900, 900, 0, 11),
(2311, 0, 0, '', '', 0, 0, 0, 0, 1),
(2310, 0, 0, '', '', 0, 0, 0, 0, 1),
(2305, 1, 172, '', '22.1.2009 - visuallex  - projekt management', 0, 7440, 7440, 0, 8),
(1060, 1, 66, '', 'deleting tasks doesnt update summary', 0, 0, 0, 0, 6),
(1051, 1, 131, '', 'System Design', 28800, 10800, 10800, 0, 7),
(1063, 1, 122, '', 'space between welcom and imqge', 0, 379, 379, 0, 34),
(1064, 1, 122, '', 'contact page 2 colums -> better layout', 0, 2040, 2040, 0, 35),
(1065, 1, 122, '', 'contact form', 0, 2700, 2700, 0, 36),
(1066, 1, 122, '', 'IE 6 CSS Fix and Javascript Fix', 0, 18000, 18000, 0, 42),
(1067, 1, 122, '', 'Submenu   text bigger, padding left', 0, 4140, 4140, 0, 37),
(1068, 1, 122, '', '', 0, 0, 0, 0, 44),
(1069, 1, 122, '', 'sub sub in one column with extra padding and list items ', 0, 3550, 3550, 0, 41),
(1070, 1, 122, '', 'more space between accordions', 0, 60, 60, 0, 39),
(1071, 1, 122, '', 'product order form space between option headline', 0, 806, 806, 0, 40),
(1072, 1, 122, '', 'put product images on every prioduct page', 0, 648, 648, 0, 38),
(1074, 0, 137, '', '', 0, 0, 0, 0, 2),
(1075, 0, 137, '', '', 0, 0, 0, 0, 3),
(1076, 0, 137, '', '', 0, 0, 0, 0, 4),
(1077, 0, 137, '', '', 0, 0, 0, 0, 5),
(1078, 0, 137, '', '', 0, 0, 0, 0, 6),
(1079, 0, 137, '', '', 0, 0, 0, 0, 7),
(1080, 0, 137, '', '', 0, 0, 0, 0, 8),
(1081, 0, 137, '', '', 0, 0, 0, 0, 9),
(1082, 0, 137, '', '', 0, 0, 0, 0, 10),
(1083, 1, 66, '', 'autlogin after logout if logged in before but session timed out', 0, 0, 0, 0, 65),
(1084, 1, 138, '', 'Preparing Material - converting rezising etc.', 1800, 1250, 1250, 0, 1),
(1085, 1, 138, '', 'Programming banner in flash', 7200, 8899, 8899, 0, 2),
(1086, 1, 138, '', 'Changes', 1800, 993, 993, 0, 3),
(1087, 1, 138, '', '', 0, 0, 0, 0, 5),
(1113, 1, 138, '', '', 0, 0, 0, 0, 6),
(1116, 1, 122, '', 'smaller sub menues', 0, 3674, 3674, 0, 51),
(1117, 1, 122, '', 'Installing FCKeditor to test php functionality -> didnt work', 0, 2100, 2100, 0, 56),
(1115, 1, 122, '', 'link "view 3D image" clean popup', 0, 60, 60, 0, 50),
(1094, 1, 136, '', 'Tranzqual', 0, 1500, 1500, 0, 5),
(1095, 1, 136, '', 'Meeting', 0, 0, 0, 0, 6),
(1096, 1, 136, '', 'Tekron Site Styling', 0, 0, 0, 0, 7),
(1097, 1, 136, '', '', 0, 0, 0, 0, 8),
(1098, 1, 136, 'Wednesday 17.9.08', '', 0, 0, 0, 0, 9),
(1099, 1, 136, '', 'Tekron Menu Internet Explorer Problems', 0, 0, 0, 0, 10),
(1100, 1, 136, '', 'left early', 0, 0, 0, 0, 11),
(1101, 1, 136, '', '', 0, 0, 0, 0, 12),
(1102, 1, 136, 'Thursday 18.9.08', '', 0, 0, 0, 0, 13),
(1105, 1, 66, '', 'plus character disappears', 0, 0, 0, 3, 4),
(1107, 1, 136, '', 'Winecenter fix GET fault -> to POST ', 0, 0, 0, 0, 15),
(1108, 1, 136, '', 'Allied Farmers', 0, 0, 0, 0, 20),
(1109, 1, 136, '', 'Tranzqual', 0, 0, 0, 0, 21),
(1110, 1, 122, '', 'picture back', 0, 60, 60, 0, 46),
(1111, 1, 66, '', 'newly created rows dont have a sort handle', 0, 60, 60, 0, 24),
(1114, 1, 122, 'Changes after Charles visit', '', 0, 0, 0, 0, 45),
(1118, 1, 122, '', 'picutre on the about page as well', 0, 60, 60, 0, 47),
(1119, 1, 122, '', 'minimum page height any lower than login area', 0, 300, 300, 0, 48),
(1120, 1, 122, '', 'product picture top the left, headline right, ', 0, 2160, 2160, 0, 49),
(1121, 1, 122, '', 'accordion on partner page', 0, 1200, 1200, 0, 52),
(1122, 1, 122, '', 'accordian on resouces', 0, 420, 420, 0, 53),
(1123, 1, 122, '', 'description to add new accordion items', 0, 60, 60, 0, 54),
(1124, 1, 122, '', 'contact form make inputs wider and content box higher', 0, 600, 600, 0, 55),
(1127, 1, 122, '', 'Add Lightbox feature for 3D Objects', 0, 3240, 3240, 0, 59),
(1128, 1, 138, '', '', 0, 0, 0, 0, 7),
(1129, 1, 138, '', '', 0, 0, 0, 0, 8),
(1130, 1, 138, '', '', 0, 0, 0, 0, 9),
(1131, 1, 138, '', '', 0, 0, 0, 0, 10),
(1132, 1, 138, '', '', 0, 0, 0, 0, 11),
(1133, 1, 139, 'Monday 22.9.', '', 0, 0, 0, 0, 1),
(1134, 1, 139, '', '', 0, 0, 0, 0, 4),
(1135, 1, 139, 'Tuesday 23.9.', '', 0, 0, 0, 0, 5),
(1136, 1, 139, '', 'Tekron 3d,  product image ', 0, 0, 0, 0, 6),
(1137, 1, 139, '', '', 0, 0, 0, 0, 9),
(1138, 1, 139, 'Wednesday 24.9.', '', 0, 0, 0, 0, 10),
(1139, 1, 139, '', 'charitylife', 0, 0, 0, 0, 12),
(1140, 1, 139, '', '', 0, 0, 0, 0, 13),
(1141, 1, 139, 'Thursday 25.9.', '', 0, 0, 0, 0, 14),
(1142, 1, 139, '', 'Tekron last changes from simons and charles mail ', 0, 5460, 5460, 0, 19),
(1143, 1, 66, '', 'Bookmark handling is faulty', 0, 900, 900, 0, 23),
(1144, 1, 139, '', 'Tekron', 0, 0, 0, 0, 3),
(1145, 1, 139, '', 'Tranzqual', 0, 0, 0, 0, 2),
(1146, 1, 139, '', 'Winecenter', 0, 0, 0, 0, 7),
(1147, 1, 140, '', 'resize Banner', 0, 5400, 5400, 0, 1),
(1148, 1, 140, '', '', 0, 0, 0, 0, 2),
(1149, 1, 140, '', '', 0, 0, 0, 0, 3),
(1150, 1, 140, '', '', 0, 0, 0, 0, 4),
(1151, 1, 140, '', '', 0, 0, 0, 0, 5),
(1152, 1, 140, '', '', 0, 0, 0, 0, 6),
(1153, 1, 140, '', '', 0, 0, 0, 0, 7),
(1154, 1, 140, '', '', 0, 0, 0, 0, 8),
(1155, 1, 140, '', '', 0, 0, 0, 0, 9),
(1156, 1, 140, '', '', 0, 0, 0, 0, 10),
(1157, 1, 139, '', 'Tekron Move prioduct picutre into 1st acc content', 0, 0, 0, 0, 8),
(1158, 1, 127, '', 'install Payment plugin on remote test server ', 0, 5220, 5220, 0, 8),
(1159, 1, 122, '', 'On Resources/Product Data Sheets please add an accoridian', 0, 180, 180, 0, 62),
(1160, 1, 122, '', 'remove arrow from menu', 0, 95, 95, 0, 60),
(1161, 1, 122, '', 'make rollovers darker', 0, 120, 120, 0, 61),
(1162, 1, 122, '', '', 0, 0, 0, 0, 74),
(1163, 1, 122, '', 'Add accordian effect to News page for each item', 0, 737, 737, 0, 63),
(1164, 1, 122, '', 'Contact input boxes to full width as the message box, please move them closer to the name fields.', 0, 780, 780, 0, 64),
(1165, 1, 122, '', 'turn on upload function on tinymce', 0, 1485, 1485, 0, 65),
(1166, 1, 122, '', 'put eyeq link into bottom and put in logout link', 0, 462, 462, 0, 66),
(1167, 1, 122, 'Changes After First Invoice', '', 0, 0, 0, 0, 1),
(1168, 1, 139, '', 'Tekron Changes', 0, 0, 0, 0, 11),
(1170, 1, 139, '', 'tekron put in closed accordion', 0, 485, 485, 0, 15),
(1171, 1, 139, '', '', 0, 0, 0, 0, 16),
(1172, 1, 139, 'Friday 26.9.', '', 0, 0, 0, 0, 17),
(1173, 1, 139, '', 'Winecenter checking gst and payment ', 0, 5220, 5220, 0, 18),
(1176, 1, 139, '', 'get rid of shadow problem by putting another box inside and create a new background image', 0, 3240, 3240, 0, 21),
(1177, 1, 139, '', '', 0, 0, 0, 0, 24),
(1178, 1, 139, '', 'Tekron Fix menues over flash movie', 0, 1513, 1513, 0, 22),
(1179, 1, 139, '', 'working around several internet explorer problems', 0, 1619, 1619, 0, 23),
(1183, 1, 122, '', 'get rid of shadow problem by putting another box inside and create a new background image', 0, 3240, 3240, 0, 68),
(1184, 1, 122, '', 'fixing several internet explorer problems', 0, 1619, 1619, 0, 70),
(1185, 1, 66, '', 'If pasting row it puts new row one row to deep', 0, 60, 60, 0, 19),
(1186, 1, 127, '', 'Winecenter checking gst and payment ', 0, 5220, 5220, 0, 9),
(1187, 1, 127, '', 'Wincenter take out Powered by Zencart', 0, 1800, 1800, 0, 10),
(1191, 1, 141, '', '', 0, 0, 0, 0, 5),
(1192, 1, 141, 'Tuesday 30.9.', '', 0, 0, 0, 0, 6),
(1193, 1, 141, '', 'Prepare Dulux printorder script to run with despatch IT down the back of the building.', 0, 900, 900, 0, 7),
(1194, 1, 141, '', 'Wee changes at tekron (menue tweaks, font size, redirect after quote request...)', 0, 900, 900, 0, 9),
(1195, 1, 141, '', 'Setup Dev for Wool Exporters', 0, 1829, 1829, 0, 10),
(1196, 1, 141, '', 'Tekron - 3D image bigger (as big as white content) and centered to white content, close button within window', 0, 360, 360, 0, 11),
(1197, 1, 141, '', 'Tekron - Style contact form again', 0, 900, 900, 0, 12),
(1198, 1, 66, '', 'Creating new Project doenst submit form on enter', 0, 60, 60, 0, 15),
(1199, 1, 141, 'Monday 29.9.', '', 0, 0, 0, 0, 1),
(1200, 1, 66, '', 'after adding new task, it doesnt sort', 0, 300, 300, 0, 22),
(1201, 1, 141, '', '', 0, 0, 0, 0, 0),
(1202, 1, 141, 'Thursday 2.10.', '', 0, 0, 0, 0, 17),
(1203, 1, 122, '', 'Tekron Newsletter Template', 0, 1380, 1380, 0, 71),
(1204, 1, 122, '', 'QUOTE PDF update to new layout', 0, 2100, 2100, 0, 72),
(1205, 1, 122, '', 'IE Fix', 0, 5700, 5700, 0, 73),
(1206, 1, 141, '', 'Install Tekron on life server', 0, 3011, 3011, 0, 8),
(1217, 1, 141, '', '', 0, 0, 0, 0, 13),
(1218, 1, 141, 'Wednesday 1.10.', '', 0, 0, 0, 0, 14),
(1219, 1, 141, '', '', 0, 0, 0, 0, 15),
(1220, 1, 66, '', 'Automatically login feature', 0, 0, 0, 0, 66),
(1233, 1, 131, '', '', 0, 0, 0, 0, 18),
(1234, 1, 131, '', '', 0, 0, 0, 0, 19),
(1235, 1, 131, '', '', 0, 0, 0, 0, 20),
(2346, 1, 173, '', '', 0, 0, 0, 0, 27),
(2354, 1, 173, 'Not Quoted', '', 0, 0, 0, 0, 48),
(2345, 1, 173, '', 'Template Tags optimieren im Compose Modus', 28800, 28800, 0, 0, 26),
(1238, 1, 66, '', 'Change PHP Template Engine to SithTemplate', 0, 0, 0, 0, 60),
(1239, 1, 66, '', 'Update DB Layer to Doctrine', 0, 0, 0, 0, 64),
(1240, 1, 138, '', '', 0, 0, 0, 0, 4),
(1244, 1, 144, '', 'Droplist in edit products to change Category', 0, 900, 900, 0, 13),
(1245, 1, 144, '', 'User Management Interface', 5400, 5400, 5400, 0, 20),
(1299, 1, 144, '', 'change every occurencies of "Tranzqual" to either "Dulux" or "" ', 0, 2100, 2100, 0, 12),
(1298, 1, 127, '', '', 0, 0, 0, 0, 13),
(1252, 1, 144, '', 'rename overnight courier to courier', 0, 300, 300, 0, 3),
(1254, 1, 144, '', 'remove  " not functional" line from checkout page', 0, 300, 300, 0, 6),
(1255, 1, 144, '', 'search for products on product code and name, display list ordered after categories', 0, 7200, 7200, 0, 7),
(1256, 1, 144, '', 'redesign user access system, create areas ', 0, 35100, 35100, 0, 8),
(1257, 1, 144, '', 'reports to include unit price and sum for each result', 0, 7200, 7200, 0, 9),
(1260, 1, 144, '', 'create packing slip automatically after placing an order', 0, 1200, 1200, 0, 11),
(1438, 1, 144, '', 'Put "CAN" into header', 0, 600, 600, 0, 10),
(1318, 1, 146, 'Wednesday 8.10.', '', 0, 0, 0, 0, 28);
INSERT INTO `j_tasks` (`task_id`, `user_id`, `project_id`, `t_feature`, `t_description`, `t_origest`, `t_currest`, `t_elapsed`, `t_prio`, `t_rank`) VALUES
(1263, 1, 141, 'Friday 3.10.', '', 0, 0, 0, 0, 21),
(1264, 1, 141, '', '', 0, 0, 0, 0, 23),
(1265, 1, 141, '', 'meeting with charles', 0, 0, 0, 0, 18),
(1266, 1, 141, '', '', 0, 0, 0, 0, 20),
(1267, 1, 141, '', 'meeting with jo, paul and dulux woman', 0, 0, 0, 0, 16),
(1268, 1, 141, '', 'chasing javascript bugs in tekron', 0, 0, 0, 0, 19),
(1269, 1, 141, '', '', 0, 0, 0, 0, 22),
(1275, 1, 145, '', 'Install Drupal and convert Screendesign to html/css template, install Forum as quoted', 0, 86400, 86400, 0, 3),
(1278, 1, 145, '', 'links on bottom blocks in white', 0, 300, 300, 0, 6),
(1279, 1, 145, '', 'bottom blocks - images to be flash files (slide show pro) ', 0, 300, 300, 0, 7),
(1710, 1, 152, '', 'Rebuild non-compulsary Car when inserting new member', 0, 1860, 1860, 0, 11),
(1281, 1, 145, '', 'Finetuning with Simon', 0, 1158, 1158, 0, 10),
(1803, 1, 158, '', '6.11.08  Checking Katalogmodul, aendern zu auswahl abhaegige cpis/kis abfrage', 0, 2012, 2012, 0, 2),
(1283, 1, 145, '', '', 0, 0, 0, 0, 12),
(1284, 1, 145, '', '', 0, 0, 0, 0, 13),
(1285, 1, 146, 'Monday 6.10.', '', 0, 0, 0, 0, 1),
(1286, 1, 146, '', 'Wool Exporters Drupalize Webpage', 0, 7862, 7862, 0, 13),
(1287, 1, 146, '', 'Winecenter Payment Module changes', 0, 6162, 6162, 0, 22),
(1288, 1, 146, '', 'Dulux System', 0, 9120, 9120, 0, 23),
(1290, 1, 146, 'Tuesday 7.10.', '', 0, 0, 0, 0, 25),
(1291, 1, 146, '', 'Dulux', 0, 22080, 22080, 0, 26),
(1316, 1, 146, '', 'Helping with RSS feed in Tekron', 0, 0, 0, 0, 27),
(1294, 1, 146, '', 'Dulux', 0, 20400, 20400, 0, 29),
(1300, 1, 144, '', 'Include user name to dulux reference code when placing an orders', 0, 373, 373, 0, 2),
(1429, 1, 66, '', 'After Deleting a Task, joined selections (with shift) throw errors', 0, 60, 60, 0, 18),
(1428, 1, 146, 'Thursday', '', 0, 0, 0, 0, 48),
(1302, 1, 144, '', 'Show Order Message in Popup Box "Your order has been placed and will be dispatched the third of the month, order #"', 0, 3660, 3660, 0, 5),
(1437, 1, 144, '', 'Add new "Unit of Issue" Field', 0, 1800, 1800, 0, 14),
(1444, 1, 144, '', '  -  Add "add Item" button to each entry in products list', 0, 60, 60, 0, 22),
(1361, 1, 131, '', '', 0, 0, 0, 0, 72),
(1360, 1, 131, '', '', 0, 0, 0, 0, 73),
(1359, 1, 131, '', '', 0, 0, 0, 0, 71),
(1442, 1, 144, 'Extra Featues as agreed', '', 0, 0, 0, 0, 19),
(1439, 1, 144, '', 'remove postal delivery', 0, 600, 600, 0, 4),
(1440, 1, 144, 'New feature requests at the 13.10.', '', 0, 0, 0, 0, 25),
(1436, 1, 146, '', '', 0, 0, 0, 0, 30),
(1435, 1, 144, '', 'Remove individual products rather than clear the whole order, plus additional search fields plus following extras', 5400, 5400, 5400, 0, 21),
(1445, 1, 146, 'Friday ', '', 0, 0, 0, 0, 52),
(1446, 1, 146, '', 'Dulux', 0, 0, 0, 0, 49),
(1447, 1, 146, '', 'some Tekron', 0, 0, 0, 0, 50),
(1449, 1, 146, '', '', 0, 0, 0, 0, 54),
(1450, 1, 146, '', 'Dulux', 0, 22427, 22427, 0, 53),
(1451, 1, 144, '', 'Search Funktion on Processed Orders', 1800, 1800, 1800, 0, 24),
(1452, 1, 144, '', '  - heaps of little changes', 0, 60, 60, 0, 23),
(1453, 1, 144, 'Job as Quoted', '', 0, 0, 0, 0, 1),
(1454, 1, 144, '', '1. Dog Pic with "Can" back in ', 0, 60, 60, 0, 15),
(1455, 1, 144, '', '2. Text change order popup: "... will be dispatched the third Monday of the month..."', 0, 60, 60, 0, 16),
(1456, 1, 144, '', '4. The Dulux reference is not populating itself every time. It does sometimes but in the 4 test orders I placed, 2 did not self populate the Dulux reference.', 0, 60, 60, 0, 18),
(1457, 1, 144, '', '3. Reporting system does not seem to be working properly. Running "to date, all customers" reports on individual products is always showing   blank (even tho orders have gone thru)', 0, 60, 60, 0, 17),
(1481, 1, 148, '', 'Update saved Cart 30 min as agreed on skype with Simon', 0, 2700, 2700, 0, 7),
(1462, 1, 66, '', 'Sometimes focus after creating new task doenst change to new task', 0, 60, 60, 0, 20),
(1463, 1, 66, '', 'special chars block saving Tasks', 0, 60, 60, 0, 11),
(1464, 1, 144, '', '1)  Option for a user to make a shoping list that they can use and re-use. A lot of users will order the same thing every time', 0, 3600, 3600, 0, 26),
(1465, 1, 144, '', '2)  Export Reports to Excel', 3600, 3600, 3600, 0, 27),
(1496, 1, 144, 'Changes List Quote', '', 0, 0, 0, 0, 32),
(1468, 1, 144, '', '4) Build in User manual as menue item', 0, 60, 60, 0, 28),
(1469, 1, 144, '', 'import new user lists from shelly', 0, 960, 960, 0, 29),
(1470, 1, 148, 'Monday 13.10.', '', 0, 0, 0, 0, 1),
(1471, 1, 148, '', 'Dulux Printorder Changes   Install Interface', 0, 11700, 11700, 0, 2),
(1472, 1, 148, '', 'Dulux Changes and Bugfixes', 0, 2100, 2100, 0, 3),
(1473, 1, 148, '', 'Wool Exporters Webpage', 0, 2100, 2100, 0, 4),
(1474, 1, 148, 'Tuesday', '', 0, 0, 0, 0, 6),
(1475, 1, 148, '', 'fix simons problem as per email (session execute)', 0, 1620, 1620, 0, 8),
(1476, 1, 148, '', 'Examining Customerlist Data from Dulux', 0, 544, 544, 0, 9),
(1477, 1, 148, '', 'Changes on Tekron', 0, 2827.05999994278, 2827, 0, 10),
(1479, 1, 148, 'Wednesday', '', 0, 0, 0, 0, 12),
(1594, 1, 152, '', 'Club, umbenennen von Buttons', 0, 600, 600, 0, 1),
(1483, 1, 144, '', 'Update saved Cart 30 min as agreed on skype with Simon', 0, 2520, 2520, 0, 30),
(1485, 1, 149, '', 'Banner 500 x 93px', 7200, 7200, 7200, 0, 1),
(1486, 1, 149, '', 'Cleanup Graphics', 0, 960, 960, 0, 2),
(1487, 1, 149, '', 'additional size 515 x 67px', 0, 198, 198, 0, 3),
(1488, 1, 149, '', 'Overhead (digg requirements and material out of mails, writing/confirming storyboard etc...) ', 0, 900, 900, 0, 4),
(1489, 1, 149, '', 'Change storyboard as of lack of space', 0, 3359, 3359, 0, 5),
(1490, 1, 149, '', '', 0, 0, 0, 0, 6),
(1491, 1, 149, '', 'Remove the words before "order" on the second screen (sentence should read "Order your palm kernel from your local Taranaki/King Country Farmers store today")', 0, 300, 300, 0, 9),
(1579, 1, 148, '', '', 0, 0, 0, 0, 21),
(1493, 1, 149, '', 'click through to this page: http://www.alliedfarmers.co.nz/Find%20a%20Store', 0, 300, 300, 0, 10),
(1494, 1, 149, '', 'remove third screen', 0, 60, 60, 0, 11),
(1550, 1, 122, '', 'Install Drupal on new Server, Setup PHP5, Setup Mysql for php 5, install JSON Extension, update scripts to new environment', 0, 2515, 2515, 0, 3),
(1498, 1, 150, '', 'Branchenauswahlliste neben Suchfeld, zum Auflisten der Mitglieder der ausgewaehlten Branche', 1800, 1800, 0, 0, 4),
(1499, 1, 150, '', '500 x 93px and 515 x 67px', 0, 0, 0, 0, 5),
(1500, 1, 150, '', '', 0, 0, 0, 0, 6),
(1501, 1, 150, '', '', 0, 0, 0, 0, 7),
(1502, 1, 150, '', '', 0, 0, 0, 0, 8),
(1503, 1, 150, '', '', 0, 0, 0, 0, 9),
(1504, 1, 150, '', '', 0, 0, 0, 0, 10),
(1505, 1, 150, '', '', 0, 0, 0, 0, 11),
(1506, 1, 150, '', '', 0, 0, 0, 0, 12),
(1509, 1, 144, '', 'commenting/checking Changes List', 0, 1440, 1440, 0, 31),
(1510, 1, 148, '', 'Tekron Upload to to Server   Changes', 0, 0, 0, 0, 14),
(1511, 1, 148, '', 'Allied Farmersbanner', 7200, 10800, 10800, 0, 13),
(1516, 1, 148, '', 'Wool Exporters', 0, 20100, 20100, 0, 15),
(1517, 1, 66, '', 'Testing API functionality of TM', 0, 0, 0, 0, 63),
(1518, 1, 66, '', 'When timer is running, after loggin in, the timer is not being loaded, but after reload', 0, 0, 0, 0, 5),
(1520, 1, 144, '', 'Send password to email address if user forgott password', 0, 1800, 1800, 0, 33),
(1522, 1, 144, '', 'Text changes on Place Order Page   Remove of ID or Email Address Search Option', 0, 900, 900, 0, 35),
(1523, 1, 144, '', 'Search Multiple Search Terms at once on multiple Fields', 0, 1800, 1800, 0, 36),
(1577, 1, 66, '', 'Checkbox to show only not finished tasks ', 0, 14400, 14400, 0, 86),
(1524, 1, 144, '', 'Set "Dulux" Categories to top of list', 0, 900, 900, 0, 34),
(1525, 1, 144, '', 'Text Changes on Order Form, remove "0800 Dulux .... "', 0, 300, 300, 0, 39),
(1526, 1, 144, '', 'Dulux Reference to be the email address on not editable', 0, 900, 900, 0, 37),
(1527, 1, 144, '', 'Change Drop Down Listing to Company Name   Name', 0, 900, 900, 0, 38),
(1528, 1, 144, '', 'Add Report by Location/Region', 0, 2700, 2700, 0, 40),
(1530, 1, 144, '', 'Change all wordings from "Contact" to "Rep"', 0, 600, 600, 0, 41),
(1531, 1, 144, '', 'Save Reports ', 14400, 14400, 14400, 0, 43),
(1532, 1, 144, '', 'Mulitple single products and/or categories on reports ', 10800, 10800, 10800, 0, 42),
(1533, 1, 144, '', 'User rights item "see all" or "see just my orders/backorders/pending" and add this into lists', 0, 2700, 2700, 0, 44),
(1534, 1, 144, '', 'Search function on backorders and pending orders such as in processed', 0, 1800, 1800, 0, 45),
(1535, 1, 144, '', 'List Orders/Pending/Back as ordernr and refence only and open details on click', 0, 3600, 3600, 0, 46),
(1537, 1, 144, '', 'Exclude Usergroups from being edited by a Member of another Group', 0, 1800, 1800, 0, 47),
(1538, 1, 148, 'Thursday', '', 0, 0, 0, 0, 17),
(1539, 1, 148, '', 'Tekron Configuring Server', 0, 0, 0, 0, 19),
(1540, 1, 148, '', 'Commenting / Quoting for Dulux Changes', 0, 0, 0, 0, 18),
(1541, 1, 148, '', '', 0, 0, 0, 0, 22),
(1553, 1, 122, '', 'Install Slideshow Pro on new Server', 0, 1860, 1860, 0, 6),
(1551, 1, 122, '', 'Enable Mod Rewrite (clean url)', 0, 2640, 2640, 0, 4),
(1552, 1, 122, '', 'Changes on Tekron from Charles mail', 0, 2100, 2100, 0, 5),
(1554, 1, 122, '', 'Individual Textfields on Tekron Contact Forms confirmed on Skype by Simon', 3600, 3600, 3600, 0, 8),
(1555, 1, 66, '', 'After inserting cutted rows it doesnt show the new tasks', 0, 60, 60, 0, 14),
(1544, 1, 148, '', 'Tekron Installing Slideshop Pro on Server', 0, 0, 0, 0, 20),
(1547, 1, 122, '', '', 0, 0, 0, 0, 76),
(1548, 1, 122, '', 'Find out how to edit "register account email" ', 0, 1140, 1140, 0, 14),
(1549, 1, 122, '', 'Upload Website Tekron to new Server (digging for user data, uploading, config, testing ... )', 0, 1322, 1322, 0, 2),
(1556, 1, 144, '', 'Flo can you please ad the fandecks Catagory that we talked about? I will then move the fandecks to this catagory and we can stop Retail Reps from seeing this catageory.', 0, 660, 660, 0, 49),
(1557, 1, 144, '', 'Exclude Seeing and Ordering of Product', 0, 1800, 1800, 0, 48),
(1558, 1, 122, '', 'Changing inc.js to .js files on the server, digging around with clean urls and mod rewrite', 0, 1200, 1200, 0, 7),
(1561, 1, 144, '', 'Can we please change the pop up that happens after an order has been placed to say "....your order will be processed the week commencing the third Monday of the month..."', 0, 360, 360, 0, 50),
(1563, 1, 144, '', 'Please check that the delivery addresses are listing by company name eg: Mitre 10 Masterton', 0, 60, 60, 0, 51),
(1568, 1, 149, 'Changes after Feedback', '', 0, 0, 0, 0, 7),
(1569, 1, 149, '', 'Remove "s" after feed on the first screen and make it all lower case (sentence should read Looking for supplementary feed?', 0, 300, 300, 0, 8),
(1565, 1, 144, '', 'Move to New Server', 0, 4478, 4478, 0, 52),
(1567, 1, 144, '', 'Recreate Packingslip each time the user clicks on "view packingslip"', 3600, 3600, 3600, 0, 59),
(1566, 1, 144, '', 'Redesign Packingslip as to Jos email from the 22nd oct.', 0, 139, 139, 0, 53),
(1578, 1, 149, '', 'Logo Changes, change Timing', 0, 2285, 2285, 0, 13),
(1572, 1, 149, '', 'update Second Banner', 0, 900, 900, 0, 12),
(1573, 1, 66, '', 'After inserting new Task by shortcut it doesnt focus the new task', 0, 60, 60, 0, 16),
(1574, 1, 66, '', 'Focus change doenst work when tabbing through', 0, 60, 60, 0, 17),
(1575, 1, 66, '', 'Hochkommas verhindert speichern des Tasks', 0, 61, 61, 0, 13),
(1576, 1, 66, '', 'Add a floating Tabbar that appears if user scrolls down, including watch', 0, 0, 0, 0, 62),
(1580, 1, 151, 'Monday 20.10.', '', 0, 0, 0, 0, 1),
(1581, 1, 151, '', 'Dulux ', 0, 0, 0, 0, 2),
(1582, 1, 151, '', '', 0, 0, 0, 0, 7),
(1583, 1, 151, 'Wednesday 22.10', '', 0, 0, 0, 0, 8),
(1585, 1, 151, 'Thursday 23.10', '', 0, 0, 0, 0, 12),
(1586, 1, 151, '', '', 0, 0, 0, 0, 14),
(1587, 1, 151, 'Friday 24.10.', '', 0, 0, 0, 0, 15),
(1588, 1, 151, '', 'Wool Exporters', 0, 0, 0, 0, 16),
(1589, 1, 151, '', '', 0, 0, 0, 0, 17),
(1590, 1, 151, '', 'Dulux finishing ', 0, 0, 0, 0, 5),
(1591, 1, 151, '', 'some Tekron', 0, 0, 0, 0, 3),
(1592, 1, 151, 'Tuesday 21.10.', '', 0, 0, 0, 0, 4),
(1593, 1, 151, '', 'Tekron Form Script', 0, 0, 0, 0, 6),
(1595, 1, 152, '', 'Entfernen von Plichtfeldern beim Anlegen eines Mitglieds im CPIS', 0, 600, 600, 0, 2),
(1596, 1, 152, '', 'Rueckbau der letzten Aenderungen ', 0, 1260, 1260, 0, 3),
(1597, 1, 152, '', 'CPIS versende Login Daten in 2 separaten emails ', 0, 917, 917, 0, 5),
(1599, 1, 152, '', 'Installiere Booking Modul auf VW-Club Server', 2580, 2580, 2580, 0, 7),
(1600, 1, 152, '', 'UTF-8 tuning', 0, 1304, 1304, 0, 9),
(1601, 1, 152, '', 'Newsletter Check mit Freenet', 0, 900, 900, 0, 10),
(1602, 1, 152, '', 'Copy Booking module from web2 to web5', 0, 1680, 1680, 0, 12),
(1603, 1, 152, '', 'Check  and Test Anrede field, check format for "Salutation" and "gender"', 0, 900, 900, 0, 16),
(1604, 0, 0, '', '', 0, 0, 0, 0, 1),
(1605, 1, 66, '', 'Add Running Timer Script to Cronjob and run it every hour', 0, 0, 0, 0, 84),
(1606, 1, 144, '', 'Limit nr of items per product when ordering', 3600, 3600, 3600, 0, 58),
(1607, 1, 144, '', 'Redefine Pagenumbers ', 0, 600, 600, 0, 54),
(1608, 1, 144, '', 'Add "My Account" page', 1800, 2180, 2180, 0, 55),
(1609, 1, 152, '', 'Newsletter update HTML Template, utf8 encodings', 0, 4430, 4430, 0, 4),
(1812, 1, 158, '', '', 0, 0, 0, 0, 13),
(1810, 1, 158, '', '24.10.2008 9:25 - Löschen der Gewinnspiel CSV Daten', 0, 540, 540, 0, 8),
(1809, 1, 158, '', '22.10.2008 10:21 - Setzen einer unterschiedlichen Absenderadresse beim Newsletter versand umsetzen', 0, 2700, 2700, 0, 7),
(1808, 1, 158, '', '22.10.2008 1:17 - Mikos Statistik Erweiterung um Auswahl des Monats', 10800, 10800, 10800, 0, 6),
(1806, 1, 158, '', '11.11.08 Erweiterung Gewinnspielmodul Multiple Choice', 0, 855, 855, 0, 5),
(1805, 1, 158, '', '7.11.08 ueberpruefen der Anfrage vom Club Kunden liste Online anzuzeigen, Report', 0, 1500, 1500, 0, 4),
(1804, 1, 158, '', '6.11.08 einfuegen von UTF8 Kodierung in die Katalogmodul emails zur Zwangskodierung, testen', 0, 2383, 2383, 0, 3),
(1621, 1, 122, '', 'Adding Example for all possible form elements ', 1800, 1800, 1800, 0, 9),
(1653, 1, 155, '', 'Newsletter Template Charity Life from Tylee Newslextter Template', 0, 1736, 1736, 0, 1),
(1623, 1, 151, '', 'Dulux finishing', 0, 0, 0, 0, 9),
(1624, 1, 151, '', '', 0, 0, 0, 0, 10),
(1625, 1, 151, '', 'Wool Exporters', 0, 0, 0, 0, 13),
(1626, 1, 151, '', '', 0, 0, 0, 0, 18),
(1627, 1, 154, '', '', 0, 0, 0, 0, 1),
(1628, 1, 154, 'Tuesday 28.10.', '', 0, 0, 0, 0, 2),
(1629, 1, 154, 'Wednesday 19.10.', '', 0, 0, 0, 0, 5),
(1630, 1, 154, '', 'Move Tranzqual to new Server', 0, 0, 0, 0, 6),
(1631, 1, 154, '', 'Install Admin Account for Simon on Wool Exporters', 0, 0, 0, 0, 7),
(1652, 1, 154, '', 'Fix Edit Rep problem on Dulux Printorder', 0, 900, 900, 0, 8),
(1635, 1, 154, '', '', 0, 0, 0, 0, 12),
(1636, 1, 154, '', '', 0, 0, 0, 0, 13),
(1637, 1, 154, '', 'Tekron live switch - links updates for clean urls', 0, 4800, 4800, 0, 3),
(1639, 1, 122, '', 'Switching Life - Update Links for clean URLs, Test', 0, 2400, 2400, 0, 10),
(1641, 1, 155, '', 'Fix Crossdomain on Tekron for multiple Domains accessing same URL to load the start and about animation', 0, 600, 600, 0, 5),
(1642, 1, 155, '', 'Vineyard Fix Session Problem ', 0, 2100, 2100, 0, 6),
(1643, 1, 155, '', 'Vineyard Fix Content Problem', 0, 900, 900, 0, 7),
(1644, 1, 155, '', '', 0, 0, 0, 0, 9),
(1655, 1, 155, '', 'Winecenter Upate Payment Module ', 0, 3600, 3600, 0, 8),
(1649, 1, 155, '', '', 0, 0, 0, 0, 14),
(1656, 1, 122, '', 'Adding Captcha to forms - stopped and build-back after finding out that no GD lib available. ', 0, 1200, 1200, 0, 11),
(1693, 1, 126, '', '', 0, 0, 0, 0, 21),
(1696, 1, 157, '', 'Find out how FTP works, meeting, testing etc', 0, 3300, 3300, 0, 1),
(1694, 1, 126, '', '', 0, 0, 0, 0, 22),
(1706, 1, 144, '', 'Cronjob to send out email messages to users', 2700, 2700, 2700, 0, 56),
(1708, 1, 122, '', 'Add new Newsletter form', 0, 300, 300, 0, 12),
(1711, 1, 152, '', 'Rebuild in  Mikos Changes,  Check,  Build back', 0, 524, 524, 0, 13),
(1712, 1, 152, '', '', 0, 0, 0, 0, 17),
(1713, 1, 152, '', '', 0, 0, 0, 0, 18),
(1714, 1, 144, '', 'Add Upload Product Picture feature', 7200, 7200, 7200, 0, 60),
(1764, 0, 157, '', '', 0, 0, 0, 0, 58),
(1799, 1, 157, '', '', 0, 0, 0, 0, 96),
(1802, 1, 157, '', '', 0, 0, 0, 0, 98),
(1813, 1, 66, '', 'after stopping timer, the summary is not being updated', 0, 6, 6, 0, 2),
(1926, 1, 168, '', 'Add "Back" "Busterville" and "Instruction" Buttons to all games', 3600, 3555, 3555, 0, 1),
(1826, 1, 160, '', 'Building Flash Framework', 36000, 36000, 36000, 0, 2),
(1827, 1, 160, '', 'Build Puzzle Games', 36000, 36000, 36000, 0, 3),
(1828, 1, 160, '', 'Build Painting Games', 36000, 36000, 36000, 0, 4),
(1829, 1, 160, '', 'Build Questions and Answers Game', 36000, 36000, 36000, 0, 5),
(1830, 1, 160, '', 'HTML Framework with Javascript', 3600, 3600, 3600, 0, 6),
(1831, 1, 160, '', '', 0, 0, 0, 0, 7),
(1832, 1, 160, '', '', 0, 0, 0, 0, 8),
(1833, 1, 160, '', '', 0, 0, 0, 0, 9),
(1905, 1, 158, 'November 2008', '', 0, 0, 0, 0, 1),
(1869, 1, 164, '', 'Build dynamic pages 2,3 and last with drawing tabled list from xml', 0, 7200, 7200, 0, 7),
(1868, 1, 164, '', '', 0, 60, 60, 0, 6),
(1867, 1, 164, '', 'Build XML file to import ', 0, 60, 60, 0, 3),
(1866, 1, 164, '', 'Setup Page Flipper to create and dynamically load pages to the page flipper', 28800, 28800, 28800, 0, 2),
(1865, 1, 164, '', '', 0, 0, 0, 0, 1),
(1917, 1, 160, 'Initial Job Nov 2008', '', 0, 0, 0, 0, 1),
(1925, 1, 158, '', '', 0, 0, 0, 0, 17),
(1877, 1, 164, '', 'Build swf file to read in the texts   images and formats ', 0, 60, 60, 0, 4),
(1878, 1, 164, '', 'Build Brochure with provided page flipper', 0, 60, 60, 0, 5),
(1880, 1, 164, '', '', 0, 0, 0, 0, 8),
(1881, 1, 165, '', 'Drupalize Webpage with given Screen designs', 100800, 100800, 100800, 0, 2),
(1883, 1, 165, '', 'Solar calculator (see www.bope.co.nz)', 14400, 14400, 14400, 0, 3),
(2483, 1, 165, '', 'Change Costs Calculator', 0, 10800, 10800, 0, 31),
(1886, 1, 165, '', '17.12.08 - Make Design Changes (mail "nova" 17.12.08 from simon)', 0, 2220, 2220, 1, 7),
(1887, 1, 165, '', '17.12.08 - Make additional Design Changes ', 0, 10800, 10800, 0, 10),
(1888, 1, 165, '', '21.1.2009 - change column grafics as to provided photoshop', 0, 1623, 1623, 0, 9),
(1889, 1, 165, '', 'Create Energy Bill Calculator', 21600, 20280, 20280, 0, 18),
(1890, 1, 165, '', '22.1.2009 - changing design as to new layout sent on 22.1.2009', 0, 2640, 2640, 0, 12),
(2321, 1, 165, 'billed 30.1.09', '', 0, 0, 0, 0, 6),
(1891, 1, 166, '', '', 0, 0, 0, 0, 1),
(1892, 1, 166, '', '25.11. - 25.11.08 Online file browser with basic 2-level authentification with admins and user.', 28800, 28800, 28800, 0, 2),
(1893, 1, 166, '', '', 0, 0, 0, 0, 4),
(1894, 1, 166, '', '', 0, 0, 0, 0, 5),
(1895, 1, 166, '', '', 0, 0, 0, 0, 6),
(1896, 1, 166, '', '', 0, 0, 0, 0, 7),
(1897, 1, 166, '', '', 0, 0, 0, 0, 8),
(1899, 1, 166, '', '', 0, 0, 0, 0, 10),
(1900, 1, 166, '', '', 0, 0, 0, 0, 11),
(1901, 1, 166, '', '27.11.08 Addition to upload files as user into their own folder', 1800, 1800, 1800, 0, 3),
(1902, 1, 164, '', '', 0, 0, 0, 0, 14),
(1903, 1, 164, '', '', 0, 0, 0, 0, 15),
(1904, 1, 164, '', '', 0, 0, 0, 0, 16),
(1910, 1, 167, 'Dies und Das', '', 0, 0, 0, 0, 4),
(1911, 1, 167, '', '4.12.2008  Checken was die Mikos Funktion "listMemberRequest" zurückliefert', 0, 719, 719, 0, 5),
(1912, 1, 167, '', '5.12.2008 Umbau des Mikos auf KIS und CPIS on demand, anstellte von persistenter Verfügbarkeit', 0, 17280, 17280, 0, 6),
(1913, 1, 167, '', '8.12.2008 - Buchungsmodul überprüfen aller Status und Fehlermeldungen, entfernen alter Eintrage aus Datenbank, testen des gesamten Workflows', 0, 4501, 4501, 0, 7),
(1914, 1, 167, '', '11.12.2008 - uebertragen mikos änderungen aus dem live ins testsystem, update des svn, intensives Testen, rückverfolgung von emails und todos, matze instruieren wie was warum', 0, 10860, 10860, 0, 8),
(1915, 1, 167, '', '14.12.2008 - Install new mikos release on vw-club.de, test, report', 0, 3780, 3780, 0, 9),
(1916, 1, 167, '', '15.12.2008 - fehlersuche mikos partner einmelden', 0, 1800, 1800, 0, 10),
(1918, 1, 144, '', 'Update FTP Download of DespatchIT to download from 2 servers with differnent file prefixes', 3600, 3600, 3600, 0, 61),
(1919, 1, 144, 'Changes Nov 08', '', 0, 0, 0, 0, 57),
(1920, 1, 144, '', '', 0, 0, 0, 0, 62),
(1921, 1, 144, '', '', 0, 0, 0, 0, 63),
(1927, 1, 168, '', 'Add "finish" button to colouring ', 0, 1408, 1408, 0, 2),
(1937, 1, 169, '', '', 0, 0, 0, 0, 2),
(1931, 1, 168, '', 'questions and answers: text changes', 0, 1200, 1200, 0, 6),
(1932, 1, 168, '', 'questions and answers: statement on testinput answers ', 0, 600, 600, 0, 7),
(1933, 1, 168, '', '11.12.2008 make arrows on buster ville even more obvious', 0, 405.923000097, 405, 0, 8),
(1934, 1, 168, '', '', 0, 0, 0, 0, 9),
(1935, 1, 168, '', '', 0, 0, 0, 0, 10),
(1936, 1, 169, '', 'Make Startpage editable', 14400, 6360, 6360, 0, 1),
(1938, 1, 169, '', '', 0, 0, 0, 0, 3),
(1939, 1, 169, '', '', 0, 0, 0, 0, 4),
(1940, 1, 169, '', '', 0, 0, 0, 0, 5),
(1941, 1, 169, '', '', 0, 0, 0, 0, 6),
(1942, 1, 169, '', '', 0, 0, 0, 0, 7),
(1943, 1, 169, '', '', 0, 0, 0, 0, 8),
(1944, 1, 169, '', '', 0, 0, 0, 0, 9),
(1945, 1, 169, '', '', 0, 0, 0, 0, 10),
(1946, 1, 167, '', '', 0, 0, 0, 0, 11),
(1947, 1, 170, '', 'Drupalize Screendesign', 86400, 86400, 0, 0, 1),
(1948, 1, 170, '', 'Screen Design Changes', 0, 1277, 1277, 0, 2),
(1949, 1, 170, '', '', 0, 0, 0, 0, 3),
(1950, 1, 170, '', '', 0, 0, 0, 0, 4),
(1951, 1, 170, '', '', 0, 0, 0, 0, 5),
(1952, 1, 170, '', '', 0, 0, 0, 0, 6),
(1953, 1, 170, '', '', 0, 0, 0, 0, 7),
(1954, 1, 170, '', '', 0, 0, 0, 0, 8),
(1955, 1, 170, '', '', 0, 0, 0, 0, 9),
(1956, 1, 170, '', '', 0, 0, 0, 0, 10),
(2320, 1, 165, 'Billed out in Decembre 2008', '', 0, 0, 0, 0, 1),
(2420, 1, 174, '', '3.2.2009 - alts after meeting', 0, 7548, 7548, 0, 18),
(2418, 1, 175, '', '9.2.2009 - allied banner changes (Email)', 0, 1788, 1788, 0, 11),
(2417, 1, 175, '', '5.2.2009 - woolex fixing forum', 0, 2012, 2012, 0, 9),
(2416, 1, 175, '', '5.2.2009 - hanne anderson', 0, 3268, 3268, 0, 8),
(2415, 1, 175, '', '4.2.2009 - banner allied farmers 3', 0, 4904, 4904, 0, 7),
(2413, 1, 175, '', '3.2.2009 - install smtp ', 0, 2160, 2160, 0, 5),
(2414, 1, 175, '', '4.2.2009 - following up a problem with woolex and smtp - throwing error - finding that phpmailer and smpt dont run simultanously ', 0, 1200, 1200, 0, 6),
(2412, 1, 175, '', '2.2.2009 - Nova use Taxonomy for left and right hand column', 0, 2883, 2883, 0, 4),
(2410, 1, 175, '', '2.2.2009 - putting St james gallery on DELL', 0, 2705, 2705, 0, 2),
(2411, 1, 175, '', '2.2.2009 - Move Nova to new Server', 0, 3480, 3480, 0, 3),
(2408, 1, 174, '', '2.2.2009 - Investigate Nalpeiron Webservice API and PHP - test runs', 0, 8220, 8220, 0, 16),
(2409, 1, 175, '', '1.2.2009 - St James Gallery - Image Gallery', 0, 19173, 19173, 0, 1),
(2407, 1, 172, '', '', 0, 0, 0, 0, 17),
(2419, 1, 174, '', '', 0, 0, 0, 0, 14),
(1982, 0, 0, '', '', 0, 0, 0, 0, 1),
(2406, 1, 174, '', '3.2.2009 - draw flow chart', 0, 13258, 13258, 0, 17),
(2405, 1, 174, 'Billed', '', 0, 0, 0, 0, 1),
(2404, 1, 172, '', '', 0, 0, 0, 0, 16),
(2403, 1, 165, '', '', 0, 0, 0, 0, 33),
(2402, 1, 172, '', '31.1.2009 - tekron enable tabs on all products', 0, 4229, 4229, 0, 15),
(2401, 1, 174, '', '1.2.2009 - IE 6 Bug PNG over flash', 0, 3840, 3840, 0, 13),
(2399, 1, 174, '', '29.1.2009 Resize overall screendesign', 0, 3240, 3240, 0, 12),
(2398, 1, 174, '', 'Install and Create image gallery', 0, 5930, 5930, 0, 8),
(2397, 1, 174, '', 'Alts by skype from simon, setting up faq form with views and webform', 0, 31880, 31880, 0, 7),
(2395, 1, 174, 'invoiced 31.1.09', '', 0, 0, 0, 0, 4),
(2396, 1, 174, '', 'Redo navigation as suckerfish', 0, 5364, 5364, 0, 6),
(2457, 1, 175, '', '', 0, 0, 0, 0, 15),
(2392, 1, 174, '', 'Drupalize Website Design', 86400, 86400, 86400, 0, 2),
(2393, 1, 174, '', 'Change Website Layout', 0, 6066, 6066, 0, 5),
(2391, 1, 172, '', '30.1.2009 - wool exporter try to reenable forum', 3600, 4524, 4524, 0, 14),
(2390, 1, 172, '', '27.1.2009 - filbrowser - finding that server upload limit was set to 2M, added folder name in admin area', 0, 1500, 1500, 0, 13),
(2389, 1, 172, '', '26.1.2009 - tekron tweaking tabs', 0, 4380, 4380, 0, 12),
(2385, 1, 173, '', 'Mitgliederansicht Spec', 3600, 6180, 6180, 0, 36),
(2382, 1, 173, 'Newsletter Update', '', 0, 0, 0, 0, 41),
(2380, 1, 173, '', 'Micropage Modul für Clubpartner', 0, 0, 0, 0, 39),
(2381, 1, 173, '', '', 0, 0, 0, 0, 40),
(2379, 1, 173, '', 'Mitgliederansicht Umsetzung', 86400, 86400, 300, 0, 37),
(2375, 1, 173, 'KIS', '', 0, 0, 0, 0, 31),
(2376, 1, 173, '', 'automatischer Login', 3600, 3600, 0, 0, 32),
(2377, 1, 173, '', 'Anzeige von letztem Login nach Einloggen', 3600, 3600, 0, 0, 33),
(2435, 1, 174, '', '', 0, 0, 0, 0, 24),
(2371, 1, 173, '', 'RSS Generator', 18000, 1836, 1836, 0, 12),
(2372, 1, 173, '', 'Bewertung und Weiterempfehlen Modul', 14400, 14400, 0, 0, 13),
(2367, 1, 173, 'Content Editor', '', 0, 0, 0, 0, 14),
(2368, 1, 173, '', 'Vorschau von Classes', 3600, 7200, 7200, 0, 22),
(2369, 1, 173, '', 'Löschen und Umbennen von Classes, Objects und Structures', 3600, 7200, 7200, 0, 23),
(2366, 1, 173, '', 'Vote Modul', 14400, 14400, 0, 0, 11),
(2364, 1, 173, '', '', 0, 0, 0, 0, 7),
(2365, 1, 173, 'Erweiterungen', '', 0, 0, 0, 0, 8),
(2363, 1, 173, '', '', 0, 0, 0, 0, 19),
(2360, 1, 173, '', '- Template Tags eingeben', 3600, 3600, 0, 0, 18),
(2361, 1, 173, 'Template Editor', '', 0, 0, 0, 0, 20),
(2362, 1, 173, '', 'Speichern von Details mittels Ajax', 3600, 36000, 36000, 0, 21),
(2359, 1, 173, '', '- Rich Text Editor', 18000, 18000, 2662, 0, 17),
(2358, 1, 173, '', '- Aktualisieren von Seiteneigenschaften', 3600, 3600, 3600, 0, 16),
(2357, 1, 173, '', 'Content Editor Update (eifügen, löschen, speichern, anordnen von Objekten)', 28800, 28800, 28800, 0, 15),
(2352, 1, 173, '', '', 0, 0, 0, 0, 44),
(2355, 1, 173, '', 'Freetype Integration', 18000, 5520, 5520, 0, 9),
(2356, 1, 173, '', 'Speaking URLs', 14400, 13027, 13027, 0, 10),
(2314, 1, 165, '', '22.1.2009 - changing design as to mockup provided', 0, 2988, 2988, 0, 11),
(2315, 1, 172, '', '22.1.2009 - stjames tweaks ', 0, 1920, 1920, 0, 7),
(2317, 1, 165, '', '22.1.2009 - changes as to simons email from 18:15 today', 0, 2820, 2820, 0, 13),
(2318, 1, 165, '', 'Flash Banner', 7200, 7200, 7200, 0, 4),
(2319, 1, 165, '', '', 0, 0, 0, 0, 5),
(2432, 1, 174, '', '', 0, 0, 0, 0, 23),
(2422, 1, 174, 'Not yet billed', '', 0, 0, 0, 0, 15),
(2433, 1, 149, '', '', 0, 0, 0, 0, 15),
(2424, 1, 173, '', '', 0, 0, 0, 0, 57),
(2425, 1, 173, '', 'Spec neue Mikos Funktionen', 0, 12600, 7842, 0, 49),
(2426, 1, 174, '', '9.2.2009 - changes (mail 7.2.09), plus contact form webform, change carousel pictures to square shaped', 0, 9159, 9159, 0, 21),
(2427, 1, 174, '', '5.2.2009 - coverflow for startpage', 0, 7208, 7208, 0, 19),
(2428, 1, 175, '', '5.2.2009 - duluxcan remove empty lines caused by deleted products', 1800, 1800, 1800, 0, 10),
(2437, 1, 165, 'Timesheet March 09', '', 0, 0, 0, 0, 20),
(2430, 1, 175, '', '12.2.2009 - finding the content problem on woolexporter', 0, 2101, 2101, 0, 13),
(2431, 1, 175, '', '18.2.2009  - setup st james gallery on ', 0, 0, 0, 0, 14),
(2434, 1, 149, '', '', 0, 0, 0, 0, 16),
(2436, 1, 165, '', '10.2.2009 - Change style of solar calculator', 0, 5807, 5807, 0, 21),
(2438, 1, 165, '', '11.2.2009 - Residential Application Form', 0, 4112, 4112, 0, 27),
(2439, 1, 165, '', '10.2.2009 - add Business Calculator', 0, 16214, 16214, 0, 22),
(2440, 1, 165, '', '11.2.2009 - plug in LPG Form', 0, 1719, 1719, 0, 24),
(2441, 1, 174, '', '10.2.2009 - alts on page as per skype by simon', 0, 1219, 1219, 0, 22),
(2442, 1, 165, '', '11.2.2009 - Business Form Send mails and write to database, add javascript styles and actions', 0, 4886, 4886, 0, 23),
(2443, 1, 165, '', '11.2.2009 - Change Website design after alts', 0, 2127, 2127, 0, 26),
(2444, 1, 165, '', '11.2.2009 - Finish Energy Bill Calculator', 0, 10800, 10800, 0, 25),
(2445, 1, 165, '', '', 0, 0, 0, 0, 29),
(2446, 1, 165, '', '12.2.2009 - LPG Applicaton Form', 0, 2748, 2748, 0, 28),
(2450, 1, 173, '', '', 0, 0, 0, 0, 50),
(2451, 1, 173, '', 'Testsystem Compose modus in templates funktioniert nicht', 0, 60, 60, 0, 51),
(2452, 1, 173, '', 'Clean URLs unique machen', 0, 0, 0, 0, 52),
(2453, 1, 173, '', 'Klassen bezeichnung speichern nicht', 0, 60, 60, 0, 53),
(2454, 1, 173, '', 'Sifr haut im ansichts modus nicht hin', 0, 60, 60, 0, 54),
(2455, 1, 173, '', 'einfügen von inhaltsobjekten fehlerhaft', 0, 60, 60, 0, 55),
(2456, 1, 173, '', 'RSS Datum checken', 0, 0, 0, 0, 56),
(2458, 1, 175, '', '', 0, 0, 0, 0, 16),
(2493, 1, 178, '', '16.7.2009 - Hanne.co.nz - update styles in admin area of webforms', 0, 960, 960, 0, 9),
(2492, 1, 178, '', '17.7.2009 - Update "Areas we service" ', 0, 2160, 2160, 0, 8),
(2491, 1, 178, '', '10.7.2009 - Create new Solar Elite Diary Calculator', 0, 4140, 4140, 0, 7),
(2490, 1, 178, '', '7.7,2009  - Create Screenshot and New Calculator proposal', 0, 1200, 1200, 0, 6),
(2488, 1, 178, '', '5.7.2009 - Nova add TOS checkbox and add put the text into a modal', 0, 5353, 5353, 0, 4),
(2494, 1, 178, '', '4.8.2009  - NovaEnergy - upgrade Costs Compare Calculator', 0, 19800, 19800, 0, 10),
(2487, 1, 178, '', '7.7.2009  - Nova energy calculator update, wording change and pre-fillin adding', 0, 2400, 2400, 0, 2),
(2663, 1, 66, '', 'Use Doctrine as ORM on the backend', 0, 0, 0, 0, 61),
(2486, 1, 178, '', '7.7.2009 Hanne Checking SM Advice menu', 0, 1020, 1020, 0, 3),
(2480, 1, 66, '', 'after deleting of a project, project entry doenst disappear from collections list', 0, 0, 0, 0, 8),
(2481, 1, 173, '', '', 0, 0, 0, 0, 38),
(2482, 1, 165, 'Timesheet April 09', 'Timesheet April 09', 0, 0, 0, 0, 30),
(2485, 1, 178, '', '7.7.2009  - Checking Dulux.co.nz Database connection error, found it to be an error with mysql config on the server', 0, 2700, 2700, 0, 1),
(2495, 1, 179, '', '', 0, 0, 0, 0, 1),
(2496, 1, 179, '', 'Transports for Storing files in different locations', 86400, 61200, 61200, 0, 2),
(2497, 1, 179, '', 'file parser  plugin architecture', 28800, 50400, 50400, 0, 3),
(2498, 1, 179, '', 'file parser Photoshop (including imagick installation)', 18000, 18000, 18000, 0, 4),
(2499, 1, 179, '', '', 0, 0, 0, 0, 5),
(2500, 1, 179, '', '', 0, 0, 0, 0, 6),
(2501, 1, 179, '', '', 0, 0, 0, 0, 8),
(2502, 1, 179, '', '', 0, 0, 0, 0, 9),
(2503, 1, 179, '', '', 0, 0, 0, 0, 10),
(2504, 1, 179, '', '', 0, 0, 0, 0, 11),
(2505, 1, 178, '', '7.8.2009  - VX Sport Image Carousel - change Images', 3600, 3600, 3600, 0, 11),
(2529, 1, 178, '', '', 0, 0, 0, 0, 23),
(2508, 1, 178, '', '14.8.2009  - Nova Calculator change layout again and restructure calculations, add row for fix rates for all calculations', 0, 13320, 13320, 0, 15),
(2510, 1, 179, '', '', 0, 0, 0, 0, 7),
(2511, 1, 180, '', '', 0, 0, 0, 0, 1),
(2512, 1, 180, '', '19.-22.5.2009 - multiple changes to the screendesign', 0, 2700, 2700, 0, 2),
(2513, 1, 180, '', '23.5.2009  - change wording in top navigation', 0, 600, 600, 0, 3),
(2514, 1, 180, '', '18.5.2009 - contract rate', 0, 315000, 315000, 0, 4),
(2515, 1, 180, '', 'Juli .2009 - adding fix-date reminders and add to send-script', 0, 5100, 5100, 0, 5),
(2516, 1, 180, '', '', 0, 0, 0, 0, 6),
(2517, 1, 180, '', '', 0, 0, 0, 0, 7),
(2518, 1, 180, '', '', 0, 0, 0, 0, 8),
(2519, 1, 180, '', '', 0, 0, 0, 0, 9),
(2520, 1, 180, '', '', 0, 0, 0, 0, 10),
(2521, 1, 178, '', '11.8.2009 - Lighthouse, add Popup Disclaimer', 3600, 3600, 3600, 0, 14),
(2528, 1, 178, '', '', 0, 0, 0, 0, 22),
(2527, 1, 178, '', '', 0, 0, 0, 0, 21),
(2526, 1, 178, '', '', 0, 0, 0, 0, 24),
(2525, 1, 178, '', '18.8.2009 - DuluxCan Order Listing and Create Product Fix', 3600, 3600, 3600, 0, 20),
(2530, 1, 178, '', '', 0, 0, 0, 0, 25),
(2531, 1, 178, '', '', 0, 0, 0, 0, 26),
(2532, 1, 178, '', '', 0, 0, 0, 0, 27),
(2533, 1, 66, '', '', 0, 0, 0, 0, 105),
(2534, 1, 181, '', 'Migriere Datenbank und Dateien von altem System (web5) auf web7', 0, 6360, 6360, 0, 2),
(2536, 1, 181, '', 'Stelle cache funktionalität nach abschalten wegen MIKOS wieder her und ändere caching auf include basis und schalte cache auf page basis ab', 0, 3900, 3900, 0, 3),
(2537, 1, 181, '', 'Führe das caching update in allen 3 installationen von liquido durch', 0, 2400, 2400, 0, 4),
(2539, 1, 181, '', '', 0, 0, 0, 0, 6),
(2540, 1, 181, '', '7.10.2009 - Flashnews object muss auf neues bild einfügen umgebaut werden', 0, 300, 300, 0, 7),
(2541, 1, 181, '', '7.10.2009 - Medialibrary - Variatonen in Variationen ändern', 0, 300, 300, 0, 8),
(2542, 1, 181, '', '7.10.2009 - bild objekt - bild beim löschen löschen oder erst beim papierkorb. ', 0, 300, 300, 0, 9),
(2543, 1, 181, '', '8.10.2009 - Newsletter .- bildchache austricksen', 0, 0, 0, 0, 10),
(2544, 1, 182, '', '- copy/install software on nova server\n- skin soiftware to novaenergy (colours, head banner, emails texts, wordings, fonts)\n- add Signup process with doubleopt-in feature and captcha \n- extend user database with additional fields\n- add groups list/manage ', 5400, 5400, 0, 0, 1),
(2545, 1, 182, '', '- skin soiftware to novaenergy (colours, head banner, emails texts, wordings, fonts)', 7200, 7200, 0, 0, 2),
(2546, 1, 182, '', '- add Signup process with doubleopt-in feature and captcha', 10800, 10800, 0, 0, 3),
(2547, 1, 182, '', '- add groups list/manage area and populate this to the signup process', 7200, 7200, 0, 0, 5),
(2548, 1, 182, '', '- extend products section in respect of novas needs', 7200, 7200, 0, 0, 6),
(2549, 1, 182, '', '- add unit price handler depending on volume for each product to update the products list when amount entered, and continue this thoughout the ordering process', 7200, 7200, 0, 0, 7),
(2550, 1, 182, '', '- ammend ordering process with required fields', 10800, 10800, 0, 0, 8),
(2551, 1, 182, '', '- add change of address option with confirmation on order-delivery page', 5400, 5400, 0, 0, 9),
(2552, 1, 182, '', '- add ordering emails system to determine where to send emails depending on ordered products', 10800, 10800, 0, 0, 10),
(2553, 1, 182, '', '- ammend stock management', 7200, 7200, 0, 0, 11),
(2554, 1, 182, '', '- extend user database with additional fields and interfaces', 3600, 3600, 0, 0, 4),
(2555, 1, 182, '', '- update reports - reports to be specifieded', 18000, 18000, 0, 0, 12),
(2556, 1, 182, '', '- add max order limit and "signoff" feature for orders exceeding the order max limit', 7200, 7200, 0, 0, 13),
(2557, 1, 182, '', '- review/update reorder process when order goes on hold when stock is low', 10800, 10800, 0, 0, 14),
(2558, 1, 182, '', '', 0, 0, 0, 0, 15),
(2559, 1, 183, '', 'Migrate Tekron database to new database server (UTF8 encoding and missing cross-server link took lotsa time)', 0, 3600, 3600, 0, 1),
(2560, 1, 183, '', 'NovaEnergy Cookie Form', 7200, 7200, 7200, 0, 2),
(2561, 1, 183, '', '', 0, 0, 0, 0, 3),
(2562, 1, 183, '', '', 0, 0, 0, 0, 4),
(2563, 1, 183, '', '', 0, 0, 0, 0, 5),
(2564, 1, 183, '', '', 0, 0, 0, 0, 6),
(2565, 1, 183, '', '', 0, 0, 0, 0, 7),
(2566, 1, 183, '', '', 0, 0, 0, 0, 8),
(2567, 1, 183, '', '', 0, 0, 0, 0, 9),
(2568, 1, 183, '', '', 0, 0, 0, 0, 10),
(2569, 1, 184, '', '09.-11.9.2009  Update Webseite', 0, 16260, 16260, 0, 1),
(2570, 1, 184, '', '11.9.2009 Suchfunktion Schnellsuche', 0, 5592, 5592, 3, 2),
(2571, 1, 184, '', '11.9.2009 Editor in Newsletter einbauen pauschal 3 Stunden', 0, 11380, 11380, 0, 3),
(2572, 1, 184, '', '11.9.2009 Import Modul für Abonnenten (99 Euro) ', 0, 60, 60, 0, 5),
(2573, 1, 184, '', '15.9.  Änderungen auf Webseite', 0, 2630, 2630, 0, 6),
(2574, 1, 184, '', '22.9 - emailformular pflichtfelder überprüfen', 0, 1466, 1466, 0, 4),
(2575, 1, 184, '', '22.9.2009 -  Formular Infomaterial bestellen überarbeiten, Produkt hinzufügen', 0, 1200, 1200, 0, 7),
(2577, 1, 184, '', '23.9.2009 - füge SeitenID zu allen Produkten hinzu und aktualisiere Produktdaten', 0, 11883, 11883, 0, 8),
(2635, 1, 187, '', '', 0, 0, 0, 0, 28),
(2632, 1, 187, '', '', 0, 0, 0, 0, 25),
(2581, 1, 184, '', '29.9.2009 - Produkteinpflege', 0, 6390, 6390, 0, 10),
(2580, 1, 184, '', '26.9.2009 - Produktverwaltung überarbeiten lauf Kostenvoranschlag', 57600, 57600, 57600, 0, 9),
(2584, 1, 185, '', '', 0, 0, 0, 0, 1),
(2598, 1, 184, '', '30.9.2009 - Texte aktualiseren um in die Textboxen zu passen', 0, 1250, 1250, 0, 11),
(2587, 1, 185, '', '', 0, 0, 0, 0, 4),
(2588, 1, 185, '', '', 0, 0, 0, 0, 5),
(2589, 1, 185, '', '', 0, 0, 0, 0, 6),
(2590, 1, 185, '', '', 0, 0, 0, 0, 7),
(2591, 1, 185, '', '', 0, 0, 0, 0, 8),
(2592, 1, 185, '', '', 0, 0, 0, 0, 9),
(2593, 1, 185, '', '', 0, 0, 0, 0, 10),
(2597, 1, 184, '', '', 0, 0, 0, 0, 15),
(2594, 1, 185, '', '', 0, 0, 0, 0, 11),
(2595, 1, 185, '', '', 0, 0, 0, 0, 12),
(2596, 1, 184, '', '', 0, 0, 0, 0, 14),
(2634, 1, 187, '', '', 0, 0, 0, 0, 27),
(2631, 1, 187, '', '', 0, 0, 0, 0, 24),
(2599, 1, 184, '', '', 0, 0, 0, 0, 16),
(2600, 1, 186, '', 'Install Wordpress', 3600, 3600, 3600, 0, 1),
(2601, 1, 186, '', 'INstalling Lightbox Plugin', 0, 1020, 1320, 0, 2),
(2602, 1, 186, '', 'Moving site to new Server', 0, 22494, 22494, 0, 3),
(2603, 1, 186, '', 'Setup Workspace', 0, 1800, 1800, 0, 5),
(2604, 1, 186, '', 'Update Contact Page', 0, 600, 600, 0, 8),
(2605, 1, 186, '', 'Update mp3 file selection', 0, 271, 271, 0, 9),
(2606, 1, 186, '', 'update gallery pages', 0, 12060, 12060, 0, 10),
(2607, 1, 186, '', 'Build Enquiry Page', 0, 7200, 7200, 0, 11),
(2608, 1, 186, '', 'Meeting, scoping, requirement gathering, proposal', 0, 8400, 8400, 0, 13),
(2609, 1, 186, '', '', 0, 0, 0, 0, 14),
(2611, 1, 187, '', '29.9.2009 - Seiten dymamisch laden ', 0, 0, 0, 0, 20),
(2612, 1, 187, '', '29.9.2009 - Listenfilter für Gebrauchtanweisungen', 0, 0, 0, 0, 21),
(2613, 1, 187, '', 'Influenza bestellform austauschen  6.10.2009 ', 0, 600, 600, 0, 1),
(2614, 1, 187, '', 'Infomaterial bestellung - produktinfos einblenden  6.10.2009 ', 0, 682, 682, 0, 2),
(2615, 1, 187, '', '*  bei email auf informationsanforderung einfügen 6.10.2009 ', 0, 105, 105, 0, 4),
(2616, 1, 187, '', 'Ajax form aus Informationsbestellung machen, damit bei fehleingabe eingaben nicht gelöschtwerden 6.10.2009 ', 0, 7872, 7872, 0, 3),
(2617, 1, 187, '', 'Warenkorb zeigt fehler nach bestellung, Warenkorbsystem überarbeiten  6.10.2009 ', 0, 3208, 3208, 0, 5),
(2618, 1, 187, '', 'Produktsuche, suchparameter einfügen als hinweis wonach gesucht wird - 6.10.2009 ', 0, 1129, 1129, 0, 6),
(2619, 1, 187, '', '- bei Art. Nr. ->sonst alle Artikel Nummern unter Art.Nr: schreiben, damit alle Kästchen die selbe Größe haben', 0, 182, 182, 0, 9),
(2620, 1, 187, '', '"klinische teste" bei produktsuche nicht fett schreiben, andere schriftfarben blau', 0, 984, 984, 0, 7),
(2621, 1, 187, '', '- bei Myoglobin Testkarte-> ...karte nicht rot', 0, 1, 1, 0, 8),
(2623, 1, 187, '', '- einige Texte werden in den Kästchen abgeschnitten', 0, 300, 300, 0, 10),
(2624, 1, 187, '', '- bei allen DINO HCG Schwangerschaftstesten fehlt das Wort "Test" -> sonst HCG oder Schwangerschafts weglassen damit es hinpasst', 0, 300, 300, 0, 11),
(2625, 1, 187, '', '5.10.2009 - neue produkt aufluistung bei drogenschnelltesten', 0, 8940, 8940, 0, 12),
(2626, 1, 187, '', '9.10.2009 - Startseitentext aktualisieren', 0, 900, 900, 0, 15),
(2627, 1, 187, '', '', 0, 0, 0, 0, 22),
(2630, 1, 187, '', '', 0, 0, 0, 0, 23),
(2629, 1, 184, '', '', 0, 0, 0, 0, 0),
(2633, 1, 187, '', '', 0, 0, 0, 0, 26),
(2636, 1, 187, '', '', 0, 0, 0, 0, 29),
(2637, 1, 187, '', '7.10.2009 - Abkürzungen in Testbezeichnungen auschreiben', 0, 393, 393, 0, 13),
(2638, 1, 187, '', '7.10.2009 - neue produktbilder einpflegen', 0, 846, 846, 0, 14),
(2639, 1, 186, '', 'Update Startpage - Bilderkarusell', 0, 0, 0, 0, 7),
(2640, 1, 186, '', 'Update Screen Size', 0, 13239, 13239, 0, 6),
(2641, 1, 186, '', '', 0, 0, 0, 0, 4),
(2642, 1, 181, '', '', 0, 0, 0, 0, 11),
(2644, 1, 186, '', '', 0, 0, 0, 0, 12),
(2645, 0, 0, '', '', 0, 1255067315, 1255067315, 0, 164),
(2646, 1, 187, '', '12.10.2009 - Neue Produkte einpflegen: ', 0, 1920, 1920, 0, 16),
(2647, 1, 187, '', '13.10.2009 - prüfen des Email programms thema links, ', 0, 600, 600, 0, 17),
(2648, 0, 0, '', '', 0, 0, 0, 0, 1),
(2649, 1, 188, '', '14.10.2009  Statistiken gehen nicht ??? ', 0, 4200, 4200, 0, 2),
(2650, 1, 188, '', '', 0, 0, 0, 0, 4),
(2651, 1, 188, '', '', 0, 0, 0, 0, 5),
(2652, 1, 188, '', '', 0, 0, 0, 0, 6),
(2653, 1, 188, 'Improvements', '', 0, 0, 0, 0, 7),
(2654, 1, 188, '', '14.10.2009  Namespace für mikos javascript einführen um vermischung mit anderen js scripten zu vermeiden', 0, 0, 0, 0, 8),
(2655, 1, 188, '', '', 0, 0, 0, 0, 9),
(2656, 1, 188, '', '', 0, 0, 0, 0, 10),
(2657, 1, 188, '', '', 0, 0, 0, 0, 11),
(2658, 1, 188, '', '', 0, 0, 0, 0, 12),
(2659, 1, 188, '', '14.10.2009  Ajax Responses aktualisieren im Mikos', 0, 2400, 2400, 0, 3),
(2662, 1, 187, '', '14.10.2009 - überarbeitung von einzeltest seiten, auswahl nach produktkategorie anstatt eingabe der produktids (produktivität)', 0, 3900, 3900, 0, 18),
(2661, 1, 187, '', '', 0, 0, 0, 0, 19);

-- --------------------------------------------------------

--
-- Tabellenstruktur für Tabelle `j_user`
--

CREATE TABLE IF NOT EXISTS `j_user` (
  `user_id` int(10) NOT NULL AUTO_INCREMENT,
  `u_name` varchar(128) NOT NULL,
  `u_login` varchar(25) NOT NULL,
  `u_password` varchar(75) NOT NULL,
  `u_bookmarks` varchar(100) NOT NULL,
  `u_email` varchar(50) NOT NULL,
  `u_type` enum('user','admin') NOT NULL DEFAULT 'user',
  `u_working_on` smallint(5) NOT NULL,
  `u_working_since` int(12) NOT NULL,
  `u_skin` varchar(20) NOT NULL,
  `u_locale` varchar(5) NOT NULL DEFAULT 'en_US',
  PRIMARY KEY (`user_id`)
) ENGINE=MyISAM  DEFAULT CHARSET=utf8 ROW_FORMAT=DYNAMIC AUTO_INCREMENT=10 ;

--
-- Daten für Tabelle `j_user`
--

INSERT INTO `j_user` (`user_id`, `u_name`, `u_login`, `u_password`, `u_bookmarks`, `u_email`, `u_type`, `u_working_on`, `u_working_since`, `u_skin`, `u_locale`) VALUES
(1, 'FLOROBOIAN', 'flobo', 'd41313e3c7425529f7d384331c568d02', ',187,66', 'bosselmann@gmail.com', 'admin', 0, 0, 'blue', 'de_DE'),
(2, 'Verena Borsos', 'verena', 'c721bb0d8a603fdb34fc1f4ac6b00bfa', '', 'verena.borsos@gmail.com', 'user', 0, 0, 'blue', 'en_US'),
(9, 'Floboosdfsdf', 'flobox', 'd19a77043593b146e333758b2d47c400', '', 'florian@media5k.de', 'user', 0, 0, 'blue', 'en_US');
